DROP TABLE DEV.ORD_TEMP PURGE;
CREATE TABLE DEV.ORD_TEMP (
    ORD_DT              VARCHAR2(8),
    ORD_HMS             VARCHAR2(6),
    SHOP_NO           VARCHAR2(10),
    UPPER2              VARCHAR2(10),
    UPPER_CASE          VARCHAR2(10),
    LOWER_CASE          VARCHAR2(10),
    ALPHABET            VARCHAR2(400),
    ALPHABET_NUMERIC    VARCHAR2(400)

);

ALTER TABLE DEV.ORD_TEMP NOLOGGING;

DROP TABLE DEV.ORD PURGE;
CREATE TABLE DEV.ORD (
    ORD_NO              NUMBER(10),
    ORD_DT              VARCHAR2(8),
    ORD_HMS             VARCHAR2(6),
    SHOP_NO           VARCHAR2(10),
    UPPER2              VARCHAR2(2),
    UPPER_CASE          VARCHAR2(10),
    LOWER_CASE          VARCHAR2(10),
    ALPHABET            VARCHAR2(400),
    ALPHABET_NUMERIC    VARCHAR2(400)
);

ALTER TABLE DEV.ORD NOLOGGING;

DROP TABLE DEV.ORD_ITEM PURGE;
CREATE TABLE DEV.ORD_ITEM (
    ORD_NO              NUMBER(10),
    ITEM_ID             NUMBER(10),
    ORD_ITEM_QTY        NUMBER(4),
    ORD_DT              VARCHAR2(8),
    ORD_HMS             VARCHAR2(6),
    UPPER2              VARCHAR2(2),
    UPPER_CASE          VARCHAR2(10),
    LOWER_CASE          VARCHAR2(10),
    ALPHABET            VARCHAR2(400),
    ALPHABET_NUMERIC    VARCHAR2(400)
);

ALTER TABLE DEV.ORD_ITEM NOLOGGING;

DROP TABLE DEV.ITEM PURGE;
CREATE TABLE DEV.ITEM (
    ITEM_ID      NUMBER(10),
    ITEM_NM      VARCHAR2(100),
    ITEM_TYPE_CD VARCHAR2(6),
    SALE_YN      VARCHAR2(1),
    ITEM_DESC    VARCHAR2(500),
    REG_ID       VARCHAR2(20),
    REG_DTS      DATE,
    MOD_ID       VARCHAR2(20),
    MOD_DTS      DATE
);


ALTER TABLE DEV.ITEM ADD CONSTRAINT ITEM_PK PRIMARY KEY (ITEM_ID);


DROP TABLE DEV.UITEM PURGE;
CREATE TABLE DEV.UITEM (
    ITEM_ID         NUMBER(10),
    UITEM_ID        NUMBER(12),
    UITEM_NM        VARCHAR2(100),
    SALE_YN         VARCHAR2(1),
    UITEM_DESC      VARCHAR2(500),
    REG_ID          VARCHAR2(20),
    REG_DTS         DATE,
    MOD_ID          VARCHAR2(20),
    MOD_DTS         DATE
);


ALTER TABLE DEV.UITEM ADD CONSTRAINT UITEM_PK PRIMARY KEY (ITEM_ID, UITEM_ID);


DROP TABLE DEV.UITEM_PRICE PURGE;
CREATE TABLE DEV.UITEM_PRICE (
    ITEM_ID         NUMBER(10),
    UITEM_ID        NUMBER(12),
    APPLY_DT        VARCHAR2(8),
    SALE_PRICE      NUMBER(10),
    DISCOUNT_PRICE  NUMBER(10),
    COST_PRICE      NUMBER(10),
    REG_ID          VARCHAR2(20),
    REG_DTS         DATE,
    MOD_ID          VARCHAR2(20),
    MOD_DTS         DATE
);

ALTER TABLE DEV.UITEM_PRICE ADD CONSTRAINT UITEM_PRICE_PK PRIMARY KEY (ITEM_ID, UITEM_ID, APPLY_DT);


DROP TABLE DEV.SHOP PURGE;
CREATE TABLE DEV.SHOP (
    SHOP_NO         VARCHAR2(10)
  , SHOP_NM         VARCHAR2(100)
  , ADDR            VARCHAR2(500)
  , TEL             VARCHAR2(20)
  , REG_ID          VARCHAR2(20)
  , REG_DTS         DATE
  , MOD_ID          VARCHAR2(20)
  , MOD_DTS         DATE
);

ALTER TABLE DEV.SHOP ADD CONSTRAINT SHOP_PK PRIMARY KEY (SHOP_NO);


DROP TABLE DEV.COM_CD PURGE;
CREATE TABLE DEV.COM_CD (
    UNI_CD        VARCHAR2(6)
  , UNI_CD_NM     VARCHAR2(100)
  , CL_UNI_CD     VARCHAR2(6)
  , SEQ           NUMBER(3)
  , CD_DESC       VARCHAR2(500)
  , REG_ID        VARCHAR2(20)
  , REG_DTS       DATE
  , MOD_ID        VARCHAR2(20)
  , MOD_DTS       DATE
);

ALTER TABLE DEV.COM_CD ADD CONSTRAINT COM_CD_PK PRIMARY KEY (UNI_CD);


INSERT INTO DEV.ITEM (ITEM_ID,ITEM_NM,ITEM_TYPE_CD,SALE_YN,ITEM_DESC,REG_ID,REG_DTS,MOD_ID,MOD_DTS) VALUES ( 1,'한우불고기버거','100100','Y','한우불고기버거','system',SYSDATE,'system',SYSDATE);
INSERT INTO DEV.ITEM (ITEM_ID,ITEM_NM,ITEM_TYPE_CD,SALE_YN,ITEM_DESC,REG_ID,REG_DTS,MOD_ID,MOD_DTS) VALUES ( 2,'원조빅불','100100','Y','원조빅불','system',SYSDATE,'system',SYSDATE);
INSERT INTO DEV.ITEM (ITEM_ID,ITEM_NM,ITEM_TYPE_CD,SALE_YN,ITEM_DESC,REG_ID,REG_DTS,MOD_ID,MOD_DTS) VALUES ( 3,'유러피언치즈버거','100100','Y','유러피언치즈버거','system',SYSDATE,'system',SYSDATE);
INSERT INTO DEV.ITEM (ITEM_ID,ITEM_NM,ITEM_TYPE_CD,SALE_YN,ITEM_DESC,REG_ID,REG_DTS,MOD_ID,MOD_DTS) VALUES ( 4,'와일드쉬림프버거','100100','Y','와일드쉬림프버거','system',SYSDATE,'system',SYSDATE);
INSERT INTO DEV.ITEM (ITEM_ID,ITEM_NM,ITEM_TYPE_CD,SALE_YN,ITEM_DESC,REG_ID,REG_DTS,MOD_ID,MOD_DTS) VALUES ( 5,'랏츠버거','100100','Y','랏츠버거','system',SYSDATE,'system',SYSDATE);
INSERT INTO DEV.ITEM (ITEM_ID,ITEM_NM,ITEM_TYPE_CD,SALE_YN,ITEM_DESC,REG_ID,REG_DTS,MOD_ID,MOD_DTS) VALUES ( 6,'핫크리스피버거','100100','Y','핫크리스피버거','system',SYSDATE,'system',SYSDATE);
INSERT INTO DEV.ITEM (ITEM_ID,ITEM_NM,ITEM_TYPE_CD,SALE_YN,ITEM_DESC,REG_ID,REG_DTS,MOD_ID,MOD_DTS) VALUES ( 7,'텐더그릴치킨버거','100100','Y','텐더그릴치킨버거','system',SYSDATE,'system',SYSDATE);
INSERT INTO DEV.ITEM (ITEM_ID,ITEM_NM,ITEM_TYPE_CD,SALE_YN,ITEM_DESC,REG_ID,REG_DTS,MOD_ID,MOD_DTS) VALUES ( 8,'불갈비버거','100100','Y','불갈비버거','system',SYSDATE,'system',SYSDATE);
INSERT INTO DEV.ITEM (ITEM_ID,ITEM_NM,ITEM_TYPE_CD,SALE_YN,ITEM_DESC,REG_ID,REG_DTS,MOD_ID,MOD_DTS) VALUES ( 9,'야채라이스불고기','100100','Y','야채라이스불고기','system',SYSDATE,'system',SYSDATE);
INSERT INTO DEV.ITEM (ITEM_ID,ITEM_NM,ITEM_TYPE_CD,SALE_YN,ITEM_DESC,REG_ID,REG_DTS,MOD_ID,MOD_DTS) VALUES ( 10,'불고기버거','100100','Y','불고기버거','system',SYSDATE,'system',SYSDATE);
INSERT INTO DEV.ITEM (ITEM_ID,ITEM_NM,ITEM_TYPE_CD,SALE_YN,ITEM_DESC,REG_ID,REG_DTS,MOD_ID,MOD_DTS) VALUES ( 11,'새우버거','100100','Y','새우버거','system',SYSDATE,'system',SYSDATE);
INSERT INTO DEV.ITEM (ITEM_ID,ITEM_NM,ITEM_TYPE_CD,SALE_YN,ITEM_DESC,REG_ID,REG_DTS,MOD_ID,MOD_DTS) VALUES ( 12,'치킨버거','100100','Y','치킨버거','system',SYSDATE,'system',SYSDATE);
INSERT INTO DEV.ITEM (ITEM_ID,ITEM_NM,ITEM_TYPE_CD,SALE_YN,ITEM_DESC,REG_ID,REG_DTS,MOD_ID,MOD_DTS) VALUES ( 13,'치즈버거','100100','Y','치즈버거','system',SYSDATE,'system',SYSDATE);
INSERT INTO DEV.ITEM (ITEM_ID,ITEM_NM,ITEM_TYPE_CD,SALE_YN,ITEM_DESC,REG_ID,REG_DTS,MOD_ID,MOD_DTS) VALUES ( 14,'데리버거','100100','Y','데리버거','system',SYSDATE,'system',SYSDATE);
INSERT INTO DEV.ITEM (ITEM_ID,ITEM_NM,ITEM_TYPE_CD,SALE_YN,ITEM_DESC,REG_ID,REG_DTS,MOD_ID,MOD_DTS) VALUES ( 15,'미트포테이토버거','100100','Y','미트포테이토버거','system',SYSDATE,'system',SYSDATE);
INSERT INTO DEV.ITEM (ITEM_ID,ITEM_NM,ITEM_TYPE_CD,SALE_YN,ITEM_DESC,REG_ID,REG_DTS,MOD_ID,MOD_DTS) VALUES ( 16,'포크커틀렛버거','100100','Y','포크커틀렛버거','system',SYSDATE,'system',SYSDATE);
INSERT INTO DEV.ITEM (ITEM_ID,ITEM_NM,ITEM_TYPE_CD,SALE_YN,ITEM_DESC,REG_ID,REG_DTS,MOD_ID,MOD_DTS) VALUES ( 17,'오징어버거','100100','Y','오징어버거','system',SYSDATE,'system',SYSDATE);
INSERT INTO DEV.ITEM (ITEM_ID,ITEM_NM,ITEM_TYPE_CD,SALE_YN,ITEM_DESC,REG_ID,REG_DTS,MOD_ID,MOD_DTS) VALUES ( 84,'자이언트더블버거','100100','Y','자이언트더블버거','system',SYSDATE,'system',SYSDATE);

INSERT INTO DEV.ITEM (ITEM_ID,ITEM_NM,ITEM_TYPE_CD,SALE_YN,ITEM_DESC,REG_ID,REG_DTS,MOD_ID,MOD_DTS) VALUES ( 18,'치킨휠레(2조각)','100102','Y','치킨휠레(2조각)','system',SYSDATE,'system',SYSDATE);
INSERT INTO DEV.ITEM (ITEM_ID,ITEM_NM,ITEM_TYPE_CD,SALE_YN,ITEM_DESC,REG_ID,REG_DTS,MOD_ID,MOD_DTS) VALUES ( 19,'치킨1조각','100102','Y','치킨1조각','system',SYSDATE,'system',SYSDATE);
INSERT INTO DEV.ITEM (ITEM_ID,ITEM_NM,ITEM_TYPE_CD,SALE_YN,ITEM_DESC,REG_ID,REG_DTS,MOD_ID,MOD_DTS) VALUES ( 20,'화이어윙(2조각)','100102','Y','화이어윙(2조각)','system',SYSDATE,'system',SYSDATE);
INSERT INTO DEV.ITEM (ITEM_ID,ITEM_NM,ITEM_TYPE_CD,SALE_YN,ITEM_DESC,REG_ID,REG_DTS,MOD_ID,MOD_DTS) VALUES ( 21,'치킨휠레(4조각)','100102','Y','치킨휠레(4조각)','system',SYSDATE,'system',SYSDATE);
INSERT INTO DEV.ITEM (ITEM_ID,ITEM_NM,ITEM_TYPE_CD,SALE_YN,ITEM_DESC,REG_ID,REG_DTS,MOD_ID,MOD_DTS) VALUES ( 22,'화이어윙(4조각)','100102','Y','화이어윙(4조각)','system',SYSDATE,'system',SYSDATE);
INSERT INTO DEV.ITEM (ITEM_ID,ITEM_NM,ITEM_TYPE_CD,SALE_YN,ITEM_DESC,REG_ID,REG_DTS,MOD_ID,MOD_DTS) VALUES ( 23,'쉑쉑치킨(어니언)','100102','Y','쉑쉑치킨(어니언)','system',SYSDATE,'system',SYSDATE);
INSERT INTO DEV.ITEM (ITEM_ID,ITEM_NM,ITEM_TYPE_CD,SALE_YN,ITEM_DESC,REG_ID,REG_DTS,MOD_ID,MOD_DTS) VALUES ( 24,'쉑쉑치킨(치즈)','100102','Y','쉑쉑치킨(치즈)','system',SYSDATE,'system',SYSDATE);
INSERT INTO DEV.ITEM (ITEM_ID,ITEM_NM,ITEM_TYPE_CD,SALE_YN,ITEM_DESC,REG_ID,REG_DTS,MOD_ID,MOD_DTS) VALUES ( 25,'쉑쉑치킨(칠리)','100102','Y','쉑쉑치킨(칠리)','system',SYSDATE,'system',SYSDATE);

INSERT INTO DEV.ITEM (ITEM_ID,ITEM_NM,ITEM_TYPE_CD,SALE_YN,ITEM_DESC,REG_ID,REG_DTS,MOD_ID,MOD_DTS) VALUES ( 26,'홍게너겟','100103','Y','홍게너겟','system',SYSDATE,'system',SYSDATE);
INSERT INTO DEV.ITEM (ITEM_ID,ITEM_NM,ITEM_TYPE_CD,SALE_YN,ITEM_DESC,REG_ID,REG_DTS,MOD_ID,MOD_DTS) VALUES ( 27,'오징어링','100103','Y','오징어링','system',SYSDATE,'system',SYSDATE);
INSERT INTO DEV.ITEM (ITEM_ID,ITEM_NM,ITEM_TYPE_CD,SALE_YN,ITEM_DESC,REG_ID,REG_DTS,MOD_ID,MOD_DTS) VALUES ( 28,'크런치새우','100103','Y','크런치새우','system',SYSDATE,'system',SYSDATE);
INSERT INTO DEV.ITEM (ITEM_ID,ITEM_NM,ITEM_TYPE_CD,SALE_YN,ITEM_DESC,REG_ID,REG_DTS,MOD_ID,MOD_DTS) VALUES ( 29,'와플(플레인)','100103','Y','와플(플레인)','system',SYSDATE,'system',SYSDATE);
INSERT INTO DEV.ITEM (ITEM_ID,ITEM_NM,ITEM_TYPE_CD,SALE_YN,ITEM_DESC,REG_ID,REG_DTS,MOD_ID,MOD_DTS) VALUES ( 30,'와플(스트로베리)','100103','Y','와플(스트로베리)','system',SYSDATE,'system',SYSDATE);
INSERT INTO DEV.ITEM (ITEM_ID,ITEM_NM,ITEM_TYPE_CD,SALE_YN,ITEM_DESC,REG_ID,REG_DTS,MOD_ID,MOD_DTS) VALUES ( 31,'와플(블루베리)','100103','Y','와플(블루베리)','system',SYSDATE,'system',SYSDATE);
INSERT INTO DEV.ITEM (ITEM_ID,ITEM_NM,ITEM_TYPE_CD,SALE_YN,ITEM_DESC,REG_ID,REG_DTS,MOD_ID,MOD_DTS) VALUES ( 32,'양념감자','100103','Y','양념감자','system',SYSDATE,'system',SYSDATE);
INSERT INTO DEV.ITEM (ITEM_ID,ITEM_NM,ITEM_TYPE_CD,SALE_YN,ITEM_DESC,REG_ID,REG_DTS,MOD_ID,MOD_DTS) VALUES ( 33,'내추럴치즈스틱','100103','Y','내추럴치즈스틱','system',SYSDATE,'system',SYSDATE);
INSERT INTO DEV.ITEM (ITEM_ID,ITEM_NM,ITEM_TYPE_CD,SALE_YN,ITEM_DESC,REG_ID,REG_DTS,MOD_ID,MOD_DTS) VALUES ( 34,'포테이토','100103','Y','포테이토','system',SYSDATE,'system',SYSDATE);
INSERT INTO DEV.ITEM (ITEM_ID,ITEM_NM,ITEM_TYPE_CD,SALE_YN,ITEM_DESC,REG_ID,REG_DTS,MOD_ID,MOD_DTS) VALUES ( 47,'콘샐러드','100103','Y','콘샐러드','system',SYSDATE,'system',SYSDATE);
INSERT INTO DEV.ITEM (ITEM_ID,ITEM_NM,ITEM_TYPE_CD,SALE_YN,ITEM_DESC,REG_ID,REG_DTS,MOD_ID,MOD_DTS) VALUES ( 48,'오니언링','100103','Y','오니언링','system',SYSDATE,'system',SYSDATE);
INSERT INTO DEV.ITEM (ITEM_ID,ITEM_NM,ITEM_TYPE_CD,SALE_YN,ITEM_DESC,REG_ID,REG_DTS,MOD_ID,MOD_DTS) VALUES ( 74,'치즈스틱','100103','Y','치즈스틱','system',SYSDATE,'system',SYSDATE);

INSERT INTO DEV.ITEM (ITEM_ID,ITEM_NM,ITEM_TYPE_CD,SALE_YN,ITEM_DESC,REG_ID,REG_DTS,MOD_ID,MOD_DTS) VALUES ( 35,'소프트콘','100104','Y','소프트콘','system',SYSDATE,'system',SYSDATE);
INSERT INTO DEV.ITEM (ITEM_ID,ITEM_NM,ITEM_TYPE_CD,SALE_YN,ITEM_DESC,REG_ID,REG_DTS,MOD_ID,MOD_DTS) VALUES ( 36,'마블소프트콘','100104','Y','마블소프트콘','system',SYSDATE,'system',SYSDATE);
INSERT INTO DEV.ITEM (ITEM_ID,ITEM_NM,ITEM_TYPE_CD,SALE_YN,ITEM_DESC,REG_ID,REG_DTS,MOD_ID,MOD_DTS) VALUES ( 37,'토네이도(매직팝)','100104','Y','토네이도(매직팝)','system',SYSDATE,'system',SYSDATE);
INSERT INTO DEV.ITEM (ITEM_ID,ITEM_NM,ITEM_TYPE_CD,SALE_YN,ITEM_DESC,REG_ID,REG_DTS,MOD_ID,MOD_DTS) VALUES ( 38,'토네이도(초코쿠키)','100104','Y','토네이도(초코쿠키)','system',SYSDATE,'system',SYSDATE);
INSERT INTO DEV.ITEM (ITEM_ID,ITEM_NM,ITEM_TYPE_CD,SALE_YN,ITEM_DESC,REG_ID,REG_DTS,MOD_ID,MOD_DTS) VALUES ( 39,'토네이도(녹차)','100104','Y','토네이도(녹차)','system',SYSDATE,'system',SYSDATE);
INSERT INTO DEV.ITEM (ITEM_ID,ITEM_NM,ITEM_TYPE_CD,SALE_YN,ITEM_DESC,REG_ID,REG_DTS,MOD_ID,MOD_DTS) VALUES ( 40,'토네이도(스토리베리)','100104','Y','토네이도(스토리베리)','system',SYSDATE,'system',SYSDATE);
INSERT INTO DEV.ITEM (ITEM_ID,ITEM_NM,ITEM_TYPE_CD,SALE_YN,ITEM_DESC,REG_ID,REG_DTS,MOD_ID,MOD_DTS) VALUES ( 41,'토네이도(레몬팝)','100104','Y','토네이도(레몬팝)','system',SYSDATE,'system',SYSDATE);
INSERT INTO DEV.ITEM (ITEM_ID,ITEM_NM,ITEM_TYPE_CD,SALE_YN,ITEM_DESC,REG_ID,REG_DTS,MOD_ID,MOD_DTS) VALUES ( 42,'트로피칼빙수','100104','Y','트로피칼빙수','system',SYSDATE,'system',SYSDATE);
INSERT INTO DEV.ITEM (ITEM_ID,ITEM_NM,ITEM_TYPE_CD,SALE_YN,ITEM_DESC,REG_ID,REG_DTS,MOD_ID,MOD_DTS) VALUES ( 43,'팥빙수','100104','Y','팥빙수','system',SYSDATE,'system',SYSDATE);
INSERT INTO DEV.ITEM (ITEM_ID,ITEM_NM,ITEM_TYPE_CD,SALE_YN,ITEM_DESC,REG_ID,REG_DTS,MOD_ID,MOD_DTS) VALUES ( 44,'그린샐러드(쉑쉑치킨4조각토핑가능)','100104','Y','그린샐러드(쉑쉑치킨4조각토핑가능)','system',SYSDATE,'system',SYSDATE);
INSERT INTO DEV.ITEM (ITEM_ID,ITEM_NM,ITEM_TYPE_CD,SALE_YN,ITEM_DESC,REG_ID,REG_DTS,MOD_ID,MOD_DTS) VALUES ( 45,'선데이아이스크림(복숭아)','100104','Y','선데이아이스크림(복숭아)','system',SYSDATE,'system',SYSDATE);
INSERT INTO DEV.ITEM (ITEM_ID,ITEM_NM,ITEM_TYPE_CD,SALE_YN,ITEM_DESC,REG_ID,REG_DTS,MOD_ID,MOD_DTS) VALUES ( 46,'선데이아이스크림(스트로베리)','100104','Y','선데이아이스크림(스트로베리)','system',SYSDATE,'system',SYSDATE);

INSERT INTO DEV.ITEM (ITEM_ID,ITEM_NM,ITEM_TYPE_CD,SALE_YN,ITEM_DESC,REG_ID,REG_DTS,MOD_ID,MOD_DTS) VALUES ( 49,'아이스아메리카노S','100105','Y','아이스아메리카노S','system',SYSDATE,'system',SYSDATE);
INSERT INTO DEV.ITEM (ITEM_ID,ITEM_NM,ITEM_TYPE_CD,SALE_YN,ITEM_DESC,REG_ID,REG_DTS,MOD_ID,MOD_DTS) VALUES ( 50,'아이스티S(복숭아맛)','100105','Y','아이스티S(복숭아맛)','system',SYSDATE,'system',SYSDATE);
INSERT INTO DEV.ITEM (ITEM_ID,ITEM_NM,ITEM_TYPE_CD,SALE_YN,ITEM_DESC,REG_ID,REG_DTS,MOD_ID,MOD_DTS) VALUES ( 51,'콜라S','100105','Y','콜라S','system',SYSDATE,'system',SYSDATE);
INSERT INTO DEV.ITEM (ITEM_ID,ITEM_NM,ITEM_TYPE_CD,SALE_YN,ITEM_DESC,REG_ID,REG_DTS,MOD_ID,MOD_DTS) VALUES ( 52,'핫티','100105','Y','핫티','system',SYSDATE,'system',SYSDATE);
INSERT INTO DEV.ITEM (ITEM_ID,ITEM_NM,ITEM_TYPE_CD,SALE_YN,ITEM_DESC,REG_ID,REG_DTS,MOD_ID,MOD_DTS) VALUES ( 53,'핫초코','100105','Y','핫초코','system',SYSDATE,'system',SYSDATE);
INSERT INTO DEV.ITEM (ITEM_ID,ITEM_NM,ITEM_TYPE_CD,SALE_YN,ITEM_DESC,REG_ID,REG_DTS,MOD_ID,MOD_DTS) VALUES ( 54,'카라멜마끼아또','100105','Y','카라멜마끼아또','system',SYSDATE,'system',SYSDATE);
INSERT INTO DEV.ITEM (ITEM_ID,ITEM_NM,ITEM_TYPE_CD,SALE_YN,ITEM_DESC,REG_ID,REG_DTS,MOD_ID,MOD_DTS) VALUES ( 55,'카페모카','100105','Y','카페모카','system',SYSDATE,'system',SYSDATE);
INSERT INTO DEV.ITEM (ITEM_ID,ITEM_NM,ITEM_TYPE_CD,SALE_YN,ITEM_DESC,REG_ID,REG_DTS,MOD_ID,MOD_DTS) VALUES ( 56,'레몬에이드','100105','Y','레몬에이드','system',SYSDATE,'system',SYSDATE);
INSERT INTO DEV.ITEM (ITEM_ID,ITEM_NM,ITEM_TYPE_CD,SALE_YN,ITEM_DESC,REG_ID,REG_DTS,MOD_ID,MOD_DTS) VALUES ( 57,'사과주스','100105','Y','사과주스','system',SYSDATE,'system',SYSDATE);
INSERT INTO DEV.ITEM (ITEM_ID,ITEM_NM,ITEM_TYPE_CD,SALE_YN,ITEM_DESC,REG_ID,REG_DTS,MOD_ID,MOD_DTS) VALUES ( 58,'아이스카페라떼','100105','Y','아이스카페라떼','system',SYSDATE,'system',SYSDATE);
INSERT INTO DEV.ITEM (ITEM_ID,ITEM_NM,ITEM_TYPE_CD,SALE_YN,ITEM_DESC,REG_ID,REG_DTS,MOD_ID,MOD_DTS) VALUES ( 59,'카페라떼','100105','Y','카페라떼','system',SYSDATE,'system',SYSDATE);
INSERT INTO DEV.ITEM (ITEM_ID,ITEM_NM,ITEM_TYPE_CD,SALE_YN,ITEM_DESC,REG_ID,REG_DTS,MOD_ID,MOD_DTS) VALUES ( 60,'카푸치노','100105','Y','카푸치노','system',SYSDATE,'system',SYSDATE);
INSERT INTO DEV.ITEM (ITEM_ID,ITEM_NM,ITEM_TYPE_CD,SALE_YN,ITEM_DESC,REG_ID,REG_DTS,MOD_ID,MOD_DTS) VALUES ( 61,'아이스아메리카노','100105','Y','아이스아메리카노','system',SYSDATE,'system',SYSDATE);
INSERT INTO DEV.ITEM (ITEM_ID,ITEM_NM,ITEM_TYPE_CD,SALE_YN,ITEM_DESC,REG_ID,REG_DTS,MOD_ID,MOD_DTS) VALUES ( 62,'아메리카노(T)','100105','Y','아메리카노(T)','system',SYSDATE,'system',SYSDATE);
INSERT INTO DEV.ITEM (ITEM_ID,ITEM_NM,ITEM_TYPE_CD,SALE_YN,ITEM_DESC,REG_ID,REG_DTS,MOD_ID,MOD_DTS) VALUES ( 63,'오렌지주스(R)','100105','Y','오렌지주스(R)','system',SYSDATE,'system',SYSDATE);
INSERT INTO DEV.ITEM (ITEM_ID,ITEM_NM,ITEM_TYPE_CD,SALE_YN,ITEM_DESC,REG_ID,REG_DTS,MOD_ID,MOD_DTS) VALUES ( 64,'아이스티(복숭아)','100105','Y','아이스티(복숭아)','system',SYSDATE,'system',SYSDATE);
INSERT INTO DEV.ITEM (ITEM_ID,ITEM_NM,ITEM_TYPE_CD,SALE_YN,ITEM_DESC,REG_ID,REG_DTS,MOD_ID,MOD_DTS) VALUES ( 65,'밀크셰이크(바닐라)','100105','Y','밀크셰이크(바닐라)','system',SYSDATE,'system',SYSDATE);
INSERT INTO DEV.ITEM (ITEM_ID,ITEM_NM,ITEM_TYPE_CD,SALE_YN,ITEM_DESC,REG_ID,REG_DTS,MOD_ID,MOD_DTS) VALUES ( 66,'밀크셰이크(초코)','100105','Y','밀크셰이크(초코)','system',SYSDATE,'system',SYSDATE);
INSERT INTO DEV.ITEM (ITEM_ID,ITEM_NM,ITEM_TYPE_CD,SALE_YN,ITEM_DESC,REG_ID,REG_DTS,MOD_ID,MOD_DTS) VALUES ( 67,'밀크셰이크(딸기)','100105','Y','밀크셰이크(딸기)','system',SYSDATE,'system',SYSDATE);
INSERT INTO DEV.ITEM (ITEM_ID,ITEM_NM,ITEM_TYPE_CD,SALE_YN,ITEM_DESC,REG_ID,REG_DTS,MOD_ID,MOD_DTS) VALUES ( 68,'콜라(R)','100105','Y','콜라(R)','system',SYSDATE,'system',SYSDATE);
INSERT INTO DEV.ITEM (ITEM_ID,ITEM_NM,ITEM_TYPE_CD,SALE_YN,ITEM_DESC,REG_ID,REG_DTS,MOD_ID,MOD_DTS) VALUES ( 69,'사이다(R)','100105','Y','사이다(R)','system',SYSDATE,'system',SYSDATE);
INSERT INTO DEV.ITEM (ITEM_ID,ITEM_NM,ITEM_TYPE_CD,SALE_YN,ITEM_DESC,REG_ID,REG_DTS,MOD_ID,MOD_DTS) VALUES ( 70,'우유','100105','Y','우유','system',SYSDATE,'system',SYSDATE);
INSERT INTO DEV.ITEM (ITEM_ID,ITEM_NM,ITEM_TYPE_CD,SALE_YN,ITEM_DESC,REG_ID,REG_DTS,MOD_ID,MOD_DTS) VALUES ( 71,'프리미엄쉬이크(레드)','100105','Y','프리미엄쉬이크(레드)','system',SYSDATE,'system',SYSDATE);
INSERT INTO DEV.ITEM (ITEM_ID,ITEM_NM,ITEM_TYPE_CD,SALE_YN,ITEM_DESC,REG_ID,REG_DTS,MOD_ID,MOD_DTS) VALUES ( 72,'프리미엄셰이크(블루)','100105','Y','프리미엄셰이크(블루)','system',SYSDATE,'system',SYSDATE);
INSERT INTO DEV.ITEM (ITEM_ID,ITEM_NM,ITEM_TYPE_CD,SALE_YN,ITEM_DESC,REG_ID,REG_DTS,MOD_ID,MOD_DTS) VALUES ( 73,'프리미엄셰이크(블랙버블)','100105','Y','프리미엄셰이크(블랙버블)','system',SYSDATE,'system',SYSDATE);

INSERT INTO DEV.ITEM (ITEM_ID,ITEM_NM,ITEM_TYPE_CD,SALE_YN,ITEM_DESC,REG_ID,REG_DTS,MOD_ID,MOD_DTS) VALUES ( 75,'한우연인팩세트','100101','Y','한우연인팩세트','system',SYSDATE,'system',SYSDATE);
INSERT INTO DEV.ITEM (ITEM_ID,ITEM_NM,ITEM_TYPE_CD,SALE_YN,ITEM_DESC,REG_ID,REG_DTS,MOD_ID,MOD_DTS) VALUES ( 76,'한우불고기세트','100101','Y','한우불고기세트','system',SYSDATE,'system',SYSDATE);
INSERT INTO DEV.ITEM (ITEM_ID,ITEM_NM,ITEM_TYPE_CD,SALE_YN,ITEM_DESC,REG_ID,REG_DTS,MOD_ID,MOD_DTS) VALUES ( 77,'야채라이스불고기세트','100101','Y','야채라이스불고기세트','system',SYSDATE,'system',SYSDATE);
INSERT INTO DEV.ITEM (ITEM_ID,ITEM_NM,ITEM_TYPE_CD,SALE_YN,ITEM_DESC,REG_ID,REG_DTS,MOD_ID,MOD_DTS) VALUES ( 78,'치킨버거세트','100101','Y','치킨버거세트','system',SYSDATE,'system',SYSDATE);
INSERT INTO DEV.ITEM (ITEM_ID,ITEM_NM,ITEM_TYPE_CD,SALE_YN,ITEM_DESC,REG_ID,REG_DTS,MOD_ID,MOD_DTS) VALUES ( 79,'원조빅불세트','100101','Y','원조빅불세트','system',SYSDATE,'system',SYSDATE);
INSERT INTO DEV.ITEM (ITEM_ID,ITEM_NM,ITEM_TYPE_CD,SALE_YN,ITEM_DESC,REG_ID,REG_DTS,MOD_ID,MOD_DTS) VALUES ( 80,'유러피언치즈버거세트','100101','Y','유러피언치즈버거세트','system',SYSDATE,'system',SYSDATE);
INSERT INTO DEV.ITEM (ITEM_ID,ITEM_NM,ITEM_TYPE_CD,SALE_YN,ITEM_DESC,REG_ID,REG_DTS,MOD_ID,MOD_DTS) VALUES ( 81,'와일드쉬림프버거세트','100101','Y','와일드쉬림프버거세트','system',SYSDATE,'system',SYSDATE);
INSERT INTO DEV.ITEM (ITEM_ID,ITEM_NM,ITEM_TYPE_CD,SALE_YN,ITEM_DESC,REG_ID,REG_DTS,MOD_ID,MOD_DTS) VALUES ( 82,'랏츠버거세트','100101','Y','랏츠버거세트','system',SYSDATE,'system',SYSDATE);
INSERT INTO DEV.ITEM (ITEM_ID,ITEM_NM,ITEM_TYPE_CD,SALE_YN,ITEM_DESC,REG_ID,REG_DTS,MOD_ID,MOD_DTS) VALUES ( 83,'핫크리스피버거세트','100101','Y','핫크리스피버거세트','system',SYSDATE,'system',SYSDATE);
INSERT INTO DEV.ITEM (ITEM_ID,ITEM_NM,ITEM_TYPE_CD,SALE_YN,ITEM_DESC,REG_ID,REG_DTS,MOD_ID,MOD_DTS) VALUES ( 85,'자이언트더블버거세트','100101','Y','자이언트더블버거세트','system',SYSDATE,'system',SYSDATE);
INSERT INTO DEV.ITEM (ITEM_ID,ITEM_NM,ITEM_TYPE_CD,SALE_YN,ITEM_DESC,REG_ID,REG_DTS,MOD_ID,MOD_DTS) VALUES ( 86,'텐더그릴치킨버거세트','100101','Y','텐더그릴치킨버거세트','system',SYSDATE,'system',SYSDATE);
INSERT INTO DEV.ITEM (ITEM_ID,ITEM_NM,ITEM_TYPE_CD,SALE_YN,ITEM_DESC,REG_ID,REG_DTS,MOD_ID,MOD_DTS) VALUES ( 87,'불갈비버거세트','100101','Y','불갈비버거세트','system',SYSDATE,'system',SYSDATE);
INSERT INTO DEV.ITEM (ITEM_ID,ITEM_NM,ITEM_TYPE_CD,SALE_YN,ITEM_DESC,REG_ID,REG_DTS,MOD_ID,MOD_DTS) VALUES ( 88,'불고기버거세트','100101','Y','불고기버거세트','system',SYSDATE,'system',SYSDATE);
INSERT INTO DEV.ITEM (ITEM_ID,ITEM_NM,ITEM_TYPE_CD,SALE_YN,ITEM_DESC,REG_ID,REG_DTS,MOD_ID,MOD_DTS) VALUES ( 89,'새우버거세트','100101','Y','새우버거세트','system',SYSDATE,'system',SYSDATE);
INSERT INTO DEV.ITEM (ITEM_ID,ITEM_NM,ITEM_TYPE_CD,SALE_YN,ITEM_DESC,REG_ID,REG_DTS,MOD_ID,MOD_DTS) VALUES ( 90,'치킨버거세트','100101','Y','치킨버거세트','system',SYSDATE,'system',SYSDATE);
INSERT INTO DEV.ITEM (ITEM_ID,ITEM_NM,ITEM_TYPE_CD,SALE_YN,ITEM_DESC,REG_ID,REG_DTS,MOD_ID,MOD_DTS) VALUES ( 91,'데리버거세트','100101','Y','데리버거세트','system',SYSDATE,'system',SYSDATE);
INSERT INTO DEV.ITEM (ITEM_ID,ITEM_NM,ITEM_TYPE_CD,SALE_YN,ITEM_DESC,REG_ID,REG_DTS,MOD_ID,MOD_DTS) VALUES ( 92,'치즈버거세트','100101','Y','치즈버거세트','system',SYSDATE,'system',SYSDATE);

INSERT INTO DEV.UITEM (ITEM_ID,UITEM_ID,UITEM_NM,SALE_YN,UITEM_DESC,REG_ID,REG_DTS,MOD_ID,MOD_DTS) VALUES ( 1,1,'한우불고기버거','Y','한우불고기버거','system',SYSDATE,'system',SYSDATE);
INSERT INTO DEV.UITEM (ITEM_ID,UITEM_ID,UITEM_NM,SALE_YN,UITEM_DESC,REG_ID,REG_DTS,MOD_ID,MOD_DTS) VALUES ( 2,2,'원조빅불','Y','원조빅불','system',SYSDATE,'system',SYSDATE);
INSERT INTO DEV.UITEM (ITEM_ID,UITEM_ID,UITEM_NM,SALE_YN,UITEM_DESC,REG_ID,REG_DTS,MOD_ID,MOD_DTS) VALUES ( 3,3,'유러피언치즈버거','Y','유러피언치즈버거','system',SYSDATE,'system',SYSDATE);
INSERT INTO DEV.UITEM (ITEM_ID,UITEM_ID,UITEM_NM,SALE_YN,UITEM_DESC,REG_ID,REG_DTS,MOD_ID,MOD_DTS) VALUES ( 4,4,'와일드쉬림프버거','Y','와일드쉬림프버거','system',SYSDATE,'system',SYSDATE);
INSERT INTO DEV.UITEM (ITEM_ID,UITEM_ID,UITEM_NM,SALE_YN,UITEM_DESC,REG_ID,REG_DTS,MOD_ID,MOD_DTS) VALUES ( 5,5,'랏츠버거','Y','랏츠버거','system',SYSDATE,'system',SYSDATE);
INSERT INTO DEV.UITEM (ITEM_ID,UITEM_ID,UITEM_NM,SALE_YN,UITEM_DESC,REG_ID,REG_DTS,MOD_ID,MOD_DTS) VALUES ( 6,6,'핫크리스피버거','Y','핫크리스피버거','system',SYSDATE,'system',SYSDATE);
INSERT INTO DEV.UITEM (ITEM_ID,UITEM_ID,UITEM_NM,SALE_YN,UITEM_DESC,REG_ID,REG_DTS,MOD_ID,MOD_DTS) VALUES ( 7,7,'텐더그릴치킨버거','Y','텐더그릴치킨버거','system',SYSDATE,'system',SYSDATE);
INSERT INTO DEV.UITEM (ITEM_ID,UITEM_ID,UITEM_NM,SALE_YN,UITEM_DESC,REG_ID,REG_DTS,MOD_ID,MOD_DTS) VALUES ( 8,8,'불갈비버거','Y','불갈비버거','system',SYSDATE,'system',SYSDATE);
INSERT INTO DEV.UITEM (ITEM_ID,UITEM_ID,UITEM_NM,SALE_YN,UITEM_DESC,REG_ID,REG_DTS,MOD_ID,MOD_DTS) VALUES ( 9,9,'야채라이스불고기','Y','야채라이스불고기','system',SYSDATE,'system',SYSDATE);
INSERT INTO DEV.UITEM (ITEM_ID,UITEM_ID,UITEM_NM,SALE_YN,UITEM_DESC,REG_ID,REG_DTS,MOD_ID,MOD_DTS) VALUES ( 10,10,'불고기버거','Y','불고기버거','system',SYSDATE,'system',SYSDATE);
INSERT INTO DEV.UITEM (ITEM_ID,UITEM_ID,UITEM_NM,SALE_YN,UITEM_DESC,REG_ID,REG_DTS,MOD_ID,MOD_DTS) VALUES ( 11,11,'새우버거','Y','새우버거','system',SYSDATE,'system',SYSDATE);
INSERT INTO DEV.UITEM (ITEM_ID,UITEM_ID,UITEM_NM,SALE_YN,UITEM_DESC,REG_ID,REG_DTS,MOD_ID,MOD_DTS) VALUES ( 12,12,'치킨버거','Y','치킨버거','system',SYSDATE,'system',SYSDATE);
INSERT INTO DEV.UITEM (ITEM_ID,UITEM_ID,UITEM_NM,SALE_YN,UITEM_DESC,REG_ID,REG_DTS,MOD_ID,MOD_DTS) VALUES ( 13,13,'치즈버거','Y','치즈버거','system',SYSDATE,'system',SYSDATE);
INSERT INTO DEV.UITEM (ITEM_ID,UITEM_ID,UITEM_NM,SALE_YN,UITEM_DESC,REG_ID,REG_DTS,MOD_ID,MOD_DTS) VALUES ( 14,14,'데리버거','Y','데리버거','system',SYSDATE,'system',SYSDATE);
INSERT INTO DEV.UITEM (ITEM_ID,UITEM_ID,UITEM_NM,SALE_YN,UITEM_DESC,REG_ID,REG_DTS,MOD_ID,MOD_DTS) VALUES ( 15,15,'미트포테이토버거','Y','미트포테이토버거','system',SYSDATE,'system',SYSDATE);
INSERT INTO DEV.UITEM (ITEM_ID,UITEM_ID,UITEM_NM,SALE_YN,UITEM_DESC,REG_ID,REG_DTS,MOD_ID,MOD_DTS) VALUES ( 16,16,'포크커틀렛버거','Y','포크커틀렛버거','system',SYSDATE,'system',SYSDATE);
INSERT INTO DEV.UITEM (ITEM_ID,UITEM_ID,UITEM_NM,SALE_YN,UITEM_DESC,REG_ID,REG_DTS,MOD_ID,MOD_DTS) VALUES ( 17,17,'오징어버거','Y','오징어버거','system',SYSDATE,'system',SYSDATE);
INSERT INTO DEV.UITEM (ITEM_ID,UITEM_ID,UITEM_NM,SALE_YN,UITEM_DESC,REG_ID,REG_DTS,MOD_ID,MOD_DTS) VALUES ( 18,18,'치킨휠레(2조각)','Y','치킨휠레(2조각)','system',SYSDATE,'system',SYSDATE);
INSERT INTO DEV.UITEM (ITEM_ID,UITEM_ID,UITEM_NM,SALE_YN,UITEM_DESC,REG_ID,REG_DTS,MOD_ID,MOD_DTS) VALUES ( 19,19,'치킨1조각','Y','치킨1조각','system',SYSDATE,'system',SYSDATE);
INSERT INTO DEV.UITEM (ITEM_ID,UITEM_ID,UITEM_NM,SALE_YN,UITEM_DESC,REG_ID,REG_DTS,MOD_ID,MOD_DTS) VALUES ( 20,20,'화이어윙(2조각)','Y','화이어윙(2조각)','system',SYSDATE,'system',SYSDATE);
INSERT INTO DEV.UITEM (ITEM_ID,UITEM_ID,UITEM_NM,SALE_YN,UITEM_DESC,REG_ID,REG_DTS,MOD_ID,MOD_DTS) VALUES ( 21,21,'치킨휠레(4조각)','Y','치킨휠레(4조각)','system',SYSDATE,'system',SYSDATE);
INSERT INTO DEV.UITEM (ITEM_ID,UITEM_ID,UITEM_NM,SALE_YN,UITEM_DESC,REG_ID,REG_DTS,MOD_ID,MOD_DTS) VALUES ( 22,22,'화이어윙(4조각)','Y','화이어윙(4조각)','system',SYSDATE,'system',SYSDATE);
INSERT INTO DEV.UITEM (ITEM_ID,UITEM_ID,UITEM_NM,SALE_YN,UITEM_DESC,REG_ID,REG_DTS,MOD_ID,MOD_DTS) VALUES ( 23,23,'쉑쉑치킨(어니언)','Y','쉑쉑치킨(어니언)','system',SYSDATE,'system',SYSDATE);
INSERT INTO DEV.UITEM (ITEM_ID,UITEM_ID,UITEM_NM,SALE_YN,UITEM_DESC,REG_ID,REG_DTS,MOD_ID,MOD_DTS) VALUES ( 24,24,'쉑쉑치킨(치즈)','Y','쉑쉑치킨(치즈)','system',SYSDATE,'system',SYSDATE);
INSERT INTO DEV.UITEM (ITEM_ID,UITEM_ID,UITEM_NM,SALE_YN,UITEM_DESC,REG_ID,REG_DTS,MOD_ID,MOD_DTS) VALUES ( 25,25,'쉑쉑치킨(칠리)','Y','쉑쉑치킨(칠리)','system',SYSDATE,'system',SYSDATE);
INSERT INTO DEV.UITEM (ITEM_ID,UITEM_ID,UITEM_NM,SALE_YN,UITEM_DESC,REG_ID,REG_DTS,MOD_ID,MOD_DTS) VALUES ( 26,26,'홍게너겟','Y','홍게너겟','system',SYSDATE,'system',SYSDATE);
INSERT INTO DEV.UITEM (ITEM_ID,UITEM_ID,UITEM_NM,SALE_YN,UITEM_DESC,REG_ID,REG_DTS,MOD_ID,MOD_DTS) VALUES ( 27,27,'오징어링','Y','오징어링','system',SYSDATE,'system',SYSDATE);
INSERT INTO DEV.UITEM (ITEM_ID,UITEM_ID,UITEM_NM,SALE_YN,UITEM_DESC,REG_ID,REG_DTS,MOD_ID,MOD_DTS) VALUES ( 28,28,'크런치새우','Y','크런치새우','system',SYSDATE,'system',SYSDATE);
INSERT INTO DEV.UITEM (ITEM_ID,UITEM_ID,UITEM_NM,SALE_YN,UITEM_DESC,REG_ID,REG_DTS,MOD_ID,MOD_DTS) VALUES ( 29,29,'와플(플레인)','Y','와플(플레인)','system',SYSDATE,'system',SYSDATE);
INSERT INTO DEV.UITEM (ITEM_ID,UITEM_ID,UITEM_NM,SALE_YN,UITEM_DESC,REG_ID,REG_DTS,MOD_ID,MOD_DTS) VALUES ( 30,30,'와플(스트로베리)','Y','와플(스트로베리)','system',SYSDATE,'system',SYSDATE);
INSERT INTO DEV.UITEM (ITEM_ID,UITEM_ID,UITEM_NM,SALE_YN,UITEM_DESC,REG_ID,REG_DTS,MOD_ID,MOD_DTS) VALUES ( 31,31,'와플(블루베리)','Y','와플(블루베리)','system',SYSDATE,'system',SYSDATE);
INSERT INTO DEV.UITEM (ITEM_ID,UITEM_ID,UITEM_NM,SALE_YN,UITEM_DESC,REG_ID,REG_DTS,MOD_ID,MOD_DTS) VALUES ( 32,32,'양념감자','Y','양념감자','system',SYSDATE,'system',SYSDATE);
INSERT INTO DEV.UITEM (ITEM_ID,UITEM_ID,UITEM_NM,SALE_YN,UITEM_DESC,REG_ID,REG_DTS,MOD_ID,MOD_DTS) VALUES ( 33,33,'내추럴치즈스틱','Y','내추럴치즈스틱','system',SYSDATE,'system',SYSDATE);
INSERT INTO DEV.UITEM (ITEM_ID,UITEM_ID,UITEM_NM,SALE_YN,UITEM_DESC,REG_ID,REG_DTS,MOD_ID,MOD_DTS) VALUES ( 34,34,'포테이토','Y','포테이토','system',SYSDATE,'system',SYSDATE);
INSERT INTO DEV.UITEM (ITEM_ID,UITEM_ID,UITEM_NM,SALE_YN,UITEM_DESC,REG_ID,REG_DTS,MOD_ID,MOD_DTS) VALUES ( 35,35,'소프트콘','Y','소프트콘','system',SYSDATE,'system',SYSDATE);
INSERT INTO DEV.UITEM (ITEM_ID,UITEM_ID,UITEM_NM,SALE_YN,UITEM_DESC,REG_ID,REG_DTS,MOD_ID,MOD_DTS) VALUES ( 36,36,'마블소프트콘','Y','마블소프트콘','system',SYSDATE,'system',SYSDATE);
INSERT INTO DEV.UITEM (ITEM_ID,UITEM_ID,UITEM_NM,SALE_YN,UITEM_DESC,REG_ID,REG_DTS,MOD_ID,MOD_DTS) VALUES ( 37,37,'토네이도(매직팝)','Y','토네이도(매직팝)','system',SYSDATE,'system',SYSDATE);
INSERT INTO DEV.UITEM (ITEM_ID,UITEM_ID,UITEM_NM,SALE_YN,UITEM_DESC,REG_ID,REG_DTS,MOD_ID,MOD_DTS) VALUES ( 38,38,'토네이도(초코쿠키)','Y','토네이도(초코쿠키)','system',SYSDATE,'system',SYSDATE);
INSERT INTO DEV.UITEM (ITEM_ID,UITEM_ID,UITEM_NM,SALE_YN,UITEM_DESC,REG_ID,REG_DTS,MOD_ID,MOD_DTS) VALUES ( 39,39,'토네이도(녹차)','Y','토네이도(녹차)','system',SYSDATE,'system',SYSDATE);
INSERT INTO DEV.UITEM (ITEM_ID,UITEM_ID,UITEM_NM,SALE_YN,UITEM_DESC,REG_ID,REG_DTS,MOD_ID,MOD_DTS) VALUES ( 40,40,'토네이도(스토리베리)','Y','토네이도(스토리베리)','system',SYSDATE,'system',SYSDATE);
INSERT INTO DEV.UITEM (ITEM_ID,UITEM_ID,UITEM_NM,SALE_YN,UITEM_DESC,REG_ID,REG_DTS,MOD_ID,MOD_DTS) VALUES ( 41,41,'토네이도(레몬팝)','Y','토네이도(레몬팝)','system',SYSDATE,'system',SYSDATE);
INSERT INTO DEV.UITEM (ITEM_ID,UITEM_ID,UITEM_NM,SALE_YN,UITEM_DESC,REG_ID,REG_DTS,MOD_ID,MOD_DTS) VALUES ( 42,42,'트로피칼빙수','Y','트로피칼빙수','system',SYSDATE,'system',SYSDATE);
INSERT INTO DEV.UITEM (ITEM_ID,UITEM_ID,UITEM_NM,SALE_YN,UITEM_DESC,REG_ID,REG_DTS,MOD_ID,MOD_DTS) VALUES ( 43,43,'팥빙수','Y','팥빙수','system',SYSDATE,'system',SYSDATE);
INSERT INTO DEV.UITEM (ITEM_ID,UITEM_ID,UITEM_NM,SALE_YN,UITEM_DESC,REG_ID,REG_DTS,MOD_ID,MOD_DTS) VALUES ( 44,44,'그린샐러드(쉑쉑치킨4조각토핑가능)','Y','그린샐러드(쉑쉑치킨4조각토핑가능)','system',SYSDATE,'system',SYSDATE);
INSERT INTO DEV.UITEM (ITEM_ID,UITEM_ID,UITEM_NM,SALE_YN,UITEM_DESC,REG_ID,REG_DTS,MOD_ID,MOD_DTS) VALUES ( 45,45,'선데이아이스크림(복숭아)','Y','선데이아이스크림(복숭아)','system',SYSDATE,'system',SYSDATE);
INSERT INTO DEV.UITEM (ITEM_ID,UITEM_ID,UITEM_NM,SALE_YN,UITEM_DESC,REG_ID,REG_DTS,MOD_ID,MOD_DTS) VALUES ( 46,46,'선데이아이스크림(스트로베리)','Y','선데이아이스크림(스트로베리)','system',SYSDATE,'system',SYSDATE);
INSERT INTO DEV.UITEM (ITEM_ID,UITEM_ID,UITEM_NM,SALE_YN,UITEM_DESC,REG_ID,REG_DTS,MOD_ID,MOD_DTS) VALUES ( 47,47,'콘샐러드','Y','콘샐러드','system',SYSDATE,'system',SYSDATE);
INSERT INTO DEV.UITEM (ITEM_ID,UITEM_ID,UITEM_NM,SALE_YN,UITEM_DESC,REG_ID,REG_DTS,MOD_ID,MOD_DTS) VALUES ( 48,48,'오니언링','Y','오니언링','system',SYSDATE,'system',SYSDATE);
INSERT INTO DEV.UITEM (ITEM_ID,UITEM_ID,UITEM_NM,SALE_YN,UITEM_DESC,REG_ID,REG_DTS,MOD_ID,MOD_DTS) VALUES ( 49,49,'아이스아메리카노S','Y','아이스아메리카노S','system',SYSDATE,'system',SYSDATE);
INSERT INTO DEV.UITEM (ITEM_ID,UITEM_ID,UITEM_NM,SALE_YN,UITEM_DESC,REG_ID,REG_DTS,MOD_ID,MOD_DTS) VALUES ( 50,50,'아이스티S(복숭아맛)','Y','아이스티S(복숭아맛)','system',SYSDATE,'system',SYSDATE);
INSERT INTO DEV.UITEM (ITEM_ID,UITEM_ID,UITEM_NM,SALE_YN,UITEM_DESC,REG_ID,REG_DTS,MOD_ID,MOD_DTS) VALUES ( 51,51,'콜라S','Y','콜라S','system',SYSDATE,'system',SYSDATE);
INSERT INTO DEV.UITEM (ITEM_ID,UITEM_ID,UITEM_NM,SALE_YN,UITEM_DESC,REG_ID,REG_DTS,MOD_ID,MOD_DTS) VALUES ( 52,52,'핫티','Y','핫티','system',SYSDATE,'system',SYSDATE);
INSERT INTO DEV.UITEM (ITEM_ID,UITEM_ID,UITEM_NM,SALE_YN,UITEM_DESC,REG_ID,REG_DTS,MOD_ID,MOD_DTS) VALUES ( 53,53,'핫초코','Y','핫초코','system',SYSDATE,'system',SYSDATE);
INSERT INTO DEV.UITEM (ITEM_ID,UITEM_ID,UITEM_NM,SALE_YN,UITEM_DESC,REG_ID,REG_DTS,MOD_ID,MOD_DTS) VALUES ( 54,54,'카라멜마끼아또','Y','카라멜마끼아또','system',SYSDATE,'system',SYSDATE);
INSERT INTO DEV.UITEM (ITEM_ID,UITEM_ID,UITEM_NM,SALE_YN,UITEM_DESC,REG_ID,REG_DTS,MOD_ID,MOD_DTS) VALUES ( 55,55,'카페모카','Y','카페모카','system',SYSDATE,'system',SYSDATE);
INSERT INTO DEV.UITEM (ITEM_ID,UITEM_ID,UITEM_NM,SALE_YN,UITEM_DESC,REG_ID,REG_DTS,MOD_ID,MOD_DTS) VALUES ( 56,56,'레몬에이드','Y','레몬에이드','system',SYSDATE,'system',SYSDATE);
INSERT INTO DEV.UITEM (ITEM_ID,UITEM_ID,UITEM_NM,SALE_YN,UITEM_DESC,REG_ID,REG_DTS,MOD_ID,MOD_DTS) VALUES ( 57,57,'사과주스','Y','사과주스','system',SYSDATE,'system',SYSDATE);
INSERT INTO DEV.UITEM (ITEM_ID,UITEM_ID,UITEM_NM,SALE_YN,UITEM_DESC,REG_ID,REG_DTS,MOD_ID,MOD_DTS) VALUES ( 58,58,'아이스카페라떼','Y','아이스카페라떼','system',SYSDATE,'system',SYSDATE);
INSERT INTO DEV.UITEM (ITEM_ID,UITEM_ID,UITEM_NM,SALE_YN,UITEM_DESC,REG_ID,REG_DTS,MOD_ID,MOD_DTS) VALUES ( 59,59,'카페라떼','Y','카페라떼','system',SYSDATE,'system',SYSDATE);
INSERT INTO DEV.UITEM (ITEM_ID,UITEM_ID,UITEM_NM,SALE_YN,UITEM_DESC,REG_ID,REG_DTS,MOD_ID,MOD_DTS) VALUES ( 60,60,'카푸치노','Y','카푸치노','system',SYSDATE,'system',SYSDATE);
INSERT INTO DEV.UITEM (ITEM_ID,UITEM_ID,UITEM_NM,SALE_YN,UITEM_DESC,REG_ID,REG_DTS,MOD_ID,MOD_DTS) VALUES ( 61,61,'아이스아메리카노','Y','아이스아메리카노','system',SYSDATE,'system',SYSDATE);
INSERT INTO DEV.UITEM (ITEM_ID,UITEM_ID,UITEM_NM,SALE_YN,UITEM_DESC,REG_ID,REG_DTS,MOD_ID,MOD_DTS) VALUES ( 62,62,'아메리카노(T)','Y','아메리카노(T)','system',SYSDATE,'system',SYSDATE);
INSERT INTO DEV.UITEM (ITEM_ID,UITEM_ID,UITEM_NM,SALE_YN,UITEM_DESC,REG_ID,REG_DTS,MOD_ID,MOD_DTS) VALUES ( 63,63,'오렌지주스(R)','Y','오렌지주스(R)','system',SYSDATE,'system',SYSDATE);
INSERT INTO DEV.UITEM (ITEM_ID,UITEM_ID,UITEM_NM,SALE_YN,UITEM_DESC,REG_ID,REG_DTS,MOD_ID,MOD_DTS) VALUES ( 64,64,'아이스티(복숭아)','Y','아이스티(복숭아)','system',SYSDATE,'system',SYSDATE);
INSERT INTO DEV.UITEM (ITEM_ID,UITEM_ID,UITEM_NM,SALE_YN,UITEM_DESC,REG_ID,REG_DTS,MOD_ID,MOD_DTS) VALUES ( 65,65,'밀크셰이크(바닐라)','Y','밀크셰이크(바닐라)','system',SYSDATE,'system',SYSDATE);
INSERT INTO DEV.UITEM (ITEM_ID,UITEM_ID,UITEM_NM,SALE_YN,UITEM_DESC,REG_ID,REG_DTS,MOD_ID,MOD_DTS) VALUES ( 66,66,'밀크셰이크(초코)','Y','밀크셰이크(초코)','system',SYSDATE,'system',SYSDATE);
INSERT INTO DEV.UITEM (ITEM_ID,UITEM_ID,UITEM_NM,SALE_YN,UITEM_DESC,REG_ID,REG_DTS,MOD_ID,MOD_DTS) VALUES ( 67,67,'밀크셰이크(딸기)','Y','밀크셰이크(딸기)','system',SYSDATE,'system',SYSDATE);
INSERT INTO DEV.UITEM (ITEM_ID,UITEM_ID,UITEM_NM,SALE_YN,UITEM_DESC,REG_ID,REG_DTS,MOD_ID,MOD_DTS) VALUES ( 68,68,'콜라(R)','Y','콜라(R)','system',SYSDATE,'system',SYSDATE);
INSERT INTO DEV.UITEM (ITEM_ID,UITEM_ID,UITEM_NM,SALE_YN,UITEM_DESC,REG_ID,REG_DTS,MOD_ID,MOD_DTS) VALUES ( 69,69,'사이다(R)','Y','사이다(R)','system',SYSDATE,'system',SYSDATE);
INSERT INTO DEV.UITEM (ITEM_ID,UITEM_ID,UITEM_NM,SALE_YN,UITEM_DESC,REG_ID,REG_DTS,MOD_ID,MOD_DTS) VALUES ( 70,70,'우유','Y','우유','system',SYSDATE,'system',SYSDATE);
INSERT INTO DEV.UITEM (ITEM_ID,UITEM_ID,UITEM_NM,SALE_YN,UITEM_DESC,REG_ID,REG_DTS,MOD_ID,MOD_DTS) VALUES ( 71,71,'프리미엄쉬이크(레드)','Y','프리미엄쉬이크(레드)','system',SYSDATE,'system',SYSDATE);
INSERT INTO DEV.UITEM (ITEM_ID,UITEM_ID,UITEM_NM,SALE_YN,UITEM_DESC,REG_ID,REG_DTS,MOD_ID,MOD_DTS) VALUES ( 72,72,'프리미엄셰이크(블루)','Y','프리미엄셰이크(블루)','system',SYSDATE,'system',SYSDATE);
INSERT INTO DEV.UITEM (ITEM_ID,UITEM_ID,UITEM_NM,SALE_YN,UITEM_DESC,REG_ID,REG_DTS,MOD_ID,MOD_DTS) VALUES ( 73,73,'프리미엄셰이크(블랙버블)','Y','프리미엄셰이크(블랙버블)','system',SYSDATE,'system',SYSDATE);
INSERT INTO DEV.UITEM (ITEM_ID,UITEM_ID,UITEM_NM,SALE_YN,UITEM_DESC,REG_ID,REG_DTS,MOD_ID,MOD_DTS) VALUES ( 74,74,'치즈스틱','Y','치즈스틱','system',SYSDATE,'system',SYSDATE);
INSERT INTO DEV.UITEM (ITEM_ID,UITEM_ID,UITEM_NM,SALE_YN,UITEM_DESC,REG_ID,REG_DTS,MOD_ID,MOD_DTS) VALUES ( 75,1,'한우불고기버거','Y','한우연인팩세트','system',SYSDATE,'system',SYSDATE);
INSERT INTO DEV.UITEM (ITEM_ID,UITEM_ID,UITEM_NM,SALE_YN,UITEM_DESC,REG_ID,REG_DTS,MOD_ID,MOD_DTS) VALUES ( 75,11,'새우버거','Y','한우연인팩세트','system',SYSDATE,'system',SYSDATE);
INSERT INTO DEV.UITEM (ITEM_ID,UITEM_ID,UITEM_NM,SALE_YN,UITEM_DESC,REG_ID,REG_DTS,MOD_ID,MOD_DTS) VALUES ( 75,74,'치즈스틱','Y','한우연인팩세트','system',SYSDATE,'system',SYSDATE);
INSERT INTO DEV.UITEM (ITEM_ID,UITEM_ID,UITEM_NM,SALE_YN,UITEM_DESC,REG_ID,REG_DTS,MOD_ID,MOD_DTS) VALUES ( 75,34,'포테이토','Y','한우연인팩세트','system',SYSDATE,'system',SYSDATE);
INSERT INTO DEV.UITEM (ITEM_ID,UITEM_ID,UITEM_NM,SALE_YN,UITEM_DESC,REG_ID,REG_DTS,MOD_ID,MOD_DTS) VALUES ( 75,68,'콜라(R)','Y','한우연인팩세트','system',SYSDATE,'system',SYSDATE);
INSERT INTO DEV.UITEM (ITEM_ID,UITEM_ID,UITEM_NM,SALE_YN,UITEM_DESC,REG_ID,REG_DTS,MOD_ID,MOD_DTS) VALUES ( 75,69,'사이다(R)','Y','한우연인팩세트','system',SYSDATE,'system',SYSDATE);
INSERT INTO DEV.UITEM (ITEM_ID,UITEM_ID,UITEM_NM,SALE_YN,UITEM_DESC,REG_ID,REG_DTS,MOD_ID,MOD_DTS) VALUES ( 76,1,'한우불고기버거','Y','한우불고기세트','system',SYSDATE,'system',SYSDATE);
INSERT INTO DEV.UITEM (ITEM_ID,UITEM_ID,UITEM_NM,SALE_YN,UITEM_DESC,REG_ID,REG_DTS,MOD_ID,MOD_DTS) VALUES ( 76,34,'포테이토','Y','한우불고기세트','system',SYSDATE,'system',SYSDATE);
INSERT INTO DEV.UITEM (ITEM_ID,UITEM_ID,UITEM_NM,SALE_YN,UITEM_DESC,REG_ID,REG_DTS,MOD_ID,MOD_DTS) VALUES ( 76,68,'콜라(R)','Y','한우불고기세트','system',SYSDATE,'system',SYSDATE);
INSERT INTO DEV.UITEM (ITEM_ID,UITEM_ID,UITEM_NM,SALE_YN,UITEM_DESC,REG_ID,REG_DTS,MOD_ID,MOD_DTS) VALUES ( 76,48,'오니언링','Y','한우불고기세트','system',SYSDATE,'system',SYSDATE);
INSERT INTO DEV.UITEM (ITEM_ID,UITEM_ID,UITEM_NM,SALE_YN,UITEM_DESC,REG_ID,REG_DTS,MOD_ID,MOD_DTS) VALUES ( 77,9,'야채라이스불고기','Y','야채라이스불고기세트','system',SYSDATE,'system',SYSDATE);
INSERT INTO DEV.UITEM (ITEM_ID,UITEM_ID,UITEM_NM,SALE_YN,UITEM_DESC,REG_ID,REG_DTS,MOD_ID,MOD_DTS) VALUES ( 77,34,'포테이토','Y','야채라이스불고기세트','system',SYSDATE,'system',SYSDATE);
INSERT INTO DEV.UITEM (ITEM_ID,UITEM_ID,UITEM_NM,SALE_YN,UITEM_DESC,REG_ID,REG_DTS,MOD_ID,MOD_DTS) VALUES ( 77,68,'콜라(R)','Y','야채라이스불고기세트','system',SYSDATE,'system',SYSDATE);
INSERT INTO DEV.UITEM (ITEM_ID,UITEM_ID,UITEM_NM,SALE_YN,UITEM_DESC,REG_ID,REG_DTS,MOD_ID,MOD_DTS) VALUES ( 78,12,'치킨버거','Y','치킨버거세트','system',SYSDATE,'system',SYSDATE);
INSERT INTO DEV.UITEM (ITEM_ID,UITEM_ID,UITEM_NM,SALE_YN,UITEM_DESC,REG_ID,REG_DTS,MOD_ID,MOD_DTS) VALUES ( 78,34,'포테이토','Y','치킨버거세트','system',SYSDATE,'system',SYSDATE);
INSERT INTO DEV.UITEM (ITEM_ID,UITEM_ID,UITEM_NM,SALE_YN,UITEM_DESC,REG_ID,REG_DTS,MOD_ID,MOD_DTS) VALUES ( 78,68,'콜라(R)','Y','치킨버거세트','system',SYSDATE,'system',SYSDATE);
INSERT INTO DEV.UITEM (ITEM_ID,UITEM_ID,UITEM_NM,SALE_YN,UITEM_DESC,REG_ID,REG_DTS,MOD_ID,MOD_DTS) VALUES ( 79,2,'원조빅불','Y','원조빅불세트','system',SYSDATE,'system',SYSDATE);
INSERT INTO DEV.UITEM (ITEM_ID,UITEM_ID,UITEM_NM,SALE_YN,UITEM_DESC,REG_ID,REG_DTS,MOD_ID,MOD_DTS) VALUES ( 79,34,'포테이토','Y','원조빅불세트','system',SYSDATE,'system',SYSDATE);
INSERT INTO DEV.UITEM (ITEM_ID,UITEM_ID,UITEM_NM,SALE_YN,UITEM_DESC,REG_ID,REG_DTS,MOD_ID,MOD_DTS) VALUES ( 79,68,'콜라(R)','Y','원조빅불세트','system',SYSDATE,'system',SYSDATE);
INSERT INTO DEV.UITEM (ITEM_ID,UITEM_ID,UITEM_NM,SALE_YN,UITEM_DESC,REG_ID,REG_DTS,MOD_ID,MOD_DTS) VALUES ( 80,3,'유러피언치즈버거','Y','유러피언치즈버거세트','system',SYSDATE,'system',SYSDATE);
INSERT INTO DEV.UITEM (ITEM_ID,UITEM_ID,UITEM_NM,SALE_YN,UITEM_DESC,REG_ID,REG_DTS,MOD_ID,MOD_DTS) VALUES ( 80,34,'포테이토','Y','유러피언치즈버거세트','system',SYSDATE,'system',SYSDATE);
INSERT INTO DEV.UITEM (ITEM_ID,UITEM_ID,UITEM_NM,SALE_YN,UITEM_DESC,REG_ID,REG_DTS,MOD_ID,MOD_DTS) VALUES ( 80,68,'콜라(R)','Y','유러피언치즈버거세트','system',SYSDATE,'system',SYSDATE);
INSERT INTO DEV.UITEM (ITEM_ID,UITEM_ID,UITEM_NM,SALE_YN,UITEM_DESC,REG_ID,REG_DTS,MOD_ID,MOD_DTS) VALUES ( 81,4,'와일드쉬림프버거','Y','와일드쉬림프버거세트','system',SYSDATE,'system',SYSDATE);
INSERT INTO DEV.UITEM (ITEM_ID,UITEM_ID,UITEM_NM,SALE_YN,UITEM_DESC,REG_ID,REG_DTS,MOD_ID,MOD_DTS) VALUES ( 81,34,'포테이토','Y','와일드쉬림프버거세트','system',SYSDATE,'system',SYSDATE);
INSERT INTO DEV.UITEM (ITEM_ID,UITEM_ID,UITEM_NM,SALE_YN,UITEM_DESC,REG_ID,REG_DTS,MOD_ID,MOD_DTS) VALUES ( 81,68,'콜라(R)','Y','와일드쉬림프버거세트','system',SYSDATE,'system',SYSDATE);
INSERT INTO DEV.UITEM (ITEM_ID,UITEM_ID,UITEM_NM,SALE_YN,UITEM_DESC,REG_ID,REG_DTS,MOD_ID,MOD_DTS) VALUES ( 82,5,'랏츠버거','Y','랏츠버거세트','system',SYSDATE,'system',SYSDATE);
INSERT INTO DEV.UITEM (ITEM_ID,UITEM_ID,UITEM_NM,SALE_YN,UITEM_DESC,REG_ID,REG_DTS,MOD_ID,MOD_DTS) VALUES ( 82,34,'포테이토','Y','랏츠버거세트','system',SYSDATE,'system',SYSDATE);
INSERT INTO DEV.UITEM (ITEM_ID,UITEM_ID,UITEM_NM,SALE_YN,UITEM_DESC,REG_ID,REG_DTS,MOD_ID,MOD_DTS) VALUES ( 82,68,'콜라(R)','Y','랏츠버거세트','system',SYSDATE,'system',SYSDATE);
INSERT INTO DEV.UITEM (ITEM_ID,UITEM_ID,UITEM_NM,SALE_YN,UITEM_DESC,REG_ID,REG_DTS,MOD_ID,MOD_DTS) VALUES ( 83,6,'핫크리스피버거','Y','핫크리스피버거세트','system',SYSDATE,'system',SYSDATE);
INSERT INTO DEV.UITEM (ITEM_ID,UITEM_ID,UITEM_NM,SALE_YN,UITEM_DESC,REG_ID,REG_DTS,MOD_ID,MOD_DTS) VALUES ( 83,34,'포테이토','Y','핫크리스피버거세트','system',SYSDATE,'system',SYSDATE);
INSERT INTO DEV.UITEM (ITEM_ID,UITEM_ID,UITEM_NM,SALE_YN,UITEM_DESC,REG_ID,REG_DTS,MOD_ID,MOD_DTS) VALUES ( 83,68,'콜라(R)','Y','핫크리스피버거세트','system',SYSDATE,'system',SYSDATE);
INSERT INTO DEV.UITEM (ITEM_ID,UITEM_ID,UITEM_NM,SALE_YN,UITEM_DESC,REG_ID,REG_DTS,MOD_ID,MOD_DTS) VALUES ( 84,86,'자이언트더블버거','Y','자이언트더블버거','system',SYSDATE,'system',SYSDATE);
INSERT INTO DEV.UITEM (ITEM_ID,UITEM_ID,UITEM_NM,SALE_YN,UITEM_DESC,REG_ID,REG_DTS,MOD_ID,MOD_DTS) VALUES ( 85,86,'자이언트더블버거','Y','자이언트더블버거세트','system',SYSDATE,'system',SYSDATE);
INSERT INTO DEV.UITEM (ITEM_ID,UITEM_ID,UITEM_NM,SALE_YN,UITEM_DESC,REG_ID,REG_DTS,MOD_ID,MOD_DTS) VALUES ( 85,34,'포테이토','Y','자이언트더블버거세트','system',SYSDATE,'system',SYSDATE);
INSERT INTO DEV.UITEM (ITEM_ID,UITEM_ID,UITEM_NM,SALE_YN,UITEM_DESC,REG_ID,REG_DTS,MOD_ID,MOD_DTS) VALUES ( 85,68,'콜라(R)','Y','자이언트더블버거세트','system',SYSDATE,'system',SYSDATE);
INSERT INTO DEV.UITEM (ITEM_ID,UITEM_ID,UITEM_NM,SALE_YN,UITEM_DESC,REG_ID,REG_DTS,MOD_ID,MOD_DTS) VALUES ( 86,7,'텐더그릴치킨버거','Y','텐더그릴치킨버거세트','system',SYSDATE,'system',SYSDATE);
INSERT INTO DEV.UITEM (ITEM_ID,UITEM_ID,UITEM_NM,SALE_YN,UITEM_DESC,REG_ID,REG_DTS,MOD_ID,MOD_DTS) VALUES ( 86,34,'포테이토','Y','텐더그릴치킨버거세트','system',SYSDATE,'system',SYSDATE);
INSERT INTO DEV.UITEM (ITEM_ID,UITEM_ID,UITEM_NM,SALE_YN,UITEM_DESC,REG_ID,REG_DTS,MOD_ID,MOD_DTS) VALUES ( 86,68,'콜라(R)','Y','텐더그릴치킨버거세트','system',SYSDATE,'system',SYSDATE);
INSERT INTO DEV.UITEM (ITEM_ID,UITEM_ID,UITEM_NM,SALE_YN,UITEM_DESC,REG_ID,REG_DTS,MOD_ID,MOD_DTS) VALUES ( 87,8,'불갈비버거','Y','불갈비버거세트','system',SYSDATE,'system',SYSDATE);
INSERT INTO DEV.UITEM (ITEM_ID,UITEM_ID,UITEM_NM,SALE_YN,UITEM_DESC,REG_ID,REG_DTS,MOD_ID,MOD_DTS) VALUES ( 87,34,'포테이토','Y','불갈비버거세트','system',SYSDATE,'system',SYSDATE);
INSERT INTO DEV.UITEM (ITEM_ID,UITEM_ID,UITEM_NM,SALE_YN,UITEM_DESC,REG_ID,REG_DTS,MOD_ID,MOD_DTS) VALUES ( 87,68,'콜라(R)','Y','불갈비버거세트','system',SYSDATE,'system',SYSDATE);
INSERT INTO DEV.UITEM (ITEM_ID,UITEM_ID,UITEM_NM,SALE_YN,UITEM_DESC,REG_ID,REG_DTS,MOD_ID,MOD_DTS) VALUES ( 88,10,'불고기버거','Y','불고기버거세트','system',SYSDATE,'system',SYSDATE);
INSERT INTO DEV.UITEM (ITEM_ID,UITEM_ID,UITEM_NM,SALE_YN,UITEM_DESC,REG_ID,REG_DTS,MOD_ID,MOD_DTS) VALUES ( 88,34,'포테이토','Y','불고기버거세트','system',SYSDATE,'system',SYSDATE);
INSERT INTO DEV.UITEM (ITEM_ID,UITEM_ID,UITEM_NM,SALE_YN,UITEM_DESC,REG_ID,REG_DTS,MOD_ID,MOD_DTS) VALUES ( 88,68,'콜라(R)','Y','불고기버거세트','system',SYSDATE,'system',SYSDATE);
INSERT INTO DEV.UITEM (ITEM_ID,UITEM_ID,UITEM_NM,SALE_YN,UITEM_DESC,REG_ID,REG_DTS,MOD_ID,MOD_DTS) VALUES ( 89,11,'새우버거','Y','새우버거세트','system',SYSDATE,'system',SYSDATE);
INSERT INTO DEV.UITEM (ITEM_ID,UITEM_ID,UITEM_NM,SALE_YN,UITEM_DESC,REG_ID,REG_DTS,MOD_ID,MOD_DTS) VALUES ( 89,34,'포테이토','Y','새우버거세트','system',SYSDATE,'system',SYSDATE);
INSERT INTO DEV.UITEM (ITEM_ID,UITEM_ID,UITEM_NM,SALE_YN,UITEM_DESC,REG_ID,REG_DTS,MOD_ID,MOD_DTS) VALUES ( 89,68,'콜라(R)','Y','새우버거세트','system',SYSDATE,'system',SYSDATE);
INSERT INTO DEV.UITEM (ITEM_ID,UITEM_ID,UITEM_NM,SALE_YN,UITEM_DESC,REG_ID,REG_DTS,MOD_ID,MOD_DTS) VALUES ( 90,12,'치킨버거','Y','치킨버거세트','system',SYSDATE,'system',SYSDATE);
INSERT INTO DEV.UITEM (ITEM_ID,UITEM_ID,UITEM_NM,SALE_YN,UITEM_DESC,REG_ID,REG_DTS,MOD_ID,MOD_DTS) VALUES ( 90,34,'포테이토','Y','치킨버거세트','system',SYSDATE,'system',SYSDATE);
INSERT INTO DEV.UITEM (ITEM_ID,UITEM_ID,UITEM_NM,SALE_YN,UITEM_DESC,REG_ID,REG_DTS,MOD_ID,MOD_DTS) VALUES ( 90,68,'콜라(R)','Y','치킨버거세트','system',SYSDATE,'system',SYSDATE);
INSERT INTO DEV.UITEM (ITEM_ID,UITEM_ID,UITEM_NM,SALE_YN,UITEM_DESC,REG_ID,REG_DTS,MOD_ID,MOD_DTS) VALUES ( 91,14,'데리버거','Y','데리버거세트','system',SYSDATE,'system',SYSDATE);
INSERT INTO DEV.UITEM (ITEM_ID,UITEM_ID,UITEM_NM,SALE_YN,UITEM_DESC,REG_ID,REG_DTS,MOD_ID,MOD_DTS) VALUES ( 91,34,'포테이토','Y','데리버거세트','system',SYSDATE,'system',SYSDATE);
INSERT INTO DEV.UITEM (ITEM_ID,UITEM_ID,UITEM_NM,SALE_YN,UITEM_DESC,REG_ID,REG_DTS,MOD_ID,MOD_DTS) VALUES ( 91,68,'콜라(R)','Y','데리버거세트','system',SYSDATE,'system',SYSDATE);
INSERT INTO DEV.UITEM (ITEM_ID,UITEM_ID,UITEM_NM,SALE_YN,UITEM_DESC,REG_ID,REG_DTS,MOD_ID,MOD_DTS) VALUES ( 92,13,'치즈버거','Y','치즈버거세트','system',SYSDATE,'system',SYSDATE);
INSERT INTO DEV.UITEM (ITEM_ID,UITEM_ID,UITEM_NM,SALE_YN,UITEM_DESC,REG_ID,REG_DTS,MOD_ID,MOD_DTS) VALUES ( 92,34,'포테이토','Y','치즈버거세트','system',SYSDATE,'system',SYSDATE);
INSERT INTO DEV.UITEM (ITEM_ID,UITEM_ID,UITEM_NM,SALE_YN,UITEM_DESC,REG_ID,REG_DTS,MOD_ID,MOD_DTS) VALUES ( 92,68,'콜라(R)','Y','치즈버거세트','system',SYSDATE,'system',SYSDATE);

INSERT INTO DEV.UITEM_PRICE (ITEM_ID,UITEM_ID,APPLY_DT,SALE_PRICE,DISCOUNT_PRICE,COST_PRICE,REG_ID,REG_DTS,MOD_ID,MOD_DTS) VALUES ( 1,1,'20120101',5500,0,2750,'system',SYSDATE,'system',SYSDATE);
INSERT INTO DEV.UITEM_PRICE (ITEM_ID,UITEM_ID,APPLY_DT,SALE_PRICE,DISCOUNT_PRICE,COST_PRICE,REG_ID,REG_DTS,MOD_ID,MOD_DTS) VALUES ( 2,2,'20120101',4800,0,2400,'system',SYSDATE,'system',SYSDATE);
INSERT INTO DEV.UITEM_PRICE (ITEM_ID,UITEM_ID,APPLY_DT,SALE_PRICE,DISCOUNT_PRICE,COST_PRICE,REG_ID,REG_DTS,MOD_ID,MOD_DTS) VALUES ( 3,3,'20120101',4700,0,2350,'system',SYSDATE,'system',SYSDATE);
INSERT INTO DEV.UITEM_PRICE (ITEM_ID,UITEM_ID,APPLY_DT,SALE_PRICE,DISCOUNT_PRICE,COST_PRICE,REG_ID,REG_DTS,MOD_ID,MOD_DTS) VALUES ( 4,4,'20120101',4500,0,2250,'system',SYSDATE,'system',SYSDATE);
INSERT INTO DEV.UITEM_PRICE (ITEM_ID,UITEM_ID,APPLY_DT,SALE_PRICE,DISCOUNT_PRICE,COST_PRICE,REG_ID,REG_DTS,MOD_ID,MOD_DTS) VALUES ( 5,5,'20120101',4500,0,2250,'system',SYSDATE,'system',SYSDATE);
INSERT INTO DEV.UITEM_PRICE (ITEM_ID,UITEM_ID,APPLY_DT,SALE_PRICE,DISCOUNT_PRICE,COST_PRICE,REG_ID,REG_DTS,MOD_ID,MOD_DTS) VALUES ( 6,6,'20120101',4300,0,2150,'system',SYSDATE,'system',SYSDATE);
INSERT INTO DEV.UITEM_PRICE (ITEM_ID,UITEM_ID,APPLY_DT,SALE_PRICE,DISCOUNT_PRICE,COST_PRICE,REG_ID,REG_DTS,MOD_ID,MOD_DTS) VALUES ( 7,7,'20120101',3900,0,1950,'system',SYSDATE,'system',SYSDATE);
INSERT INTO DEV.UITEM_PRICE (ITEM_ID,UITEM_ID,APPLY_DT,SALE_PRICE,DISCOUNT_PRICE,COST_PRICE,REG_ID,REG_DTS,MOD_ID,MOD_DTS) VALUES ( 8,8,'20120101',3500,0,1750,'system',SYSDATE,'system',SYSDATE);
INSERT INTO DEV.UITEM_PRICE (ITEM_ID,UITEM_ID,APPLY_DT,SALE_PRICE,DISCOUNT_PRICE,COST_PRICE,REG_ID,REG_DTS,MOD_ID,MOD_DTS) VALUES ( 9,9,'20120101',3900,0,1950,'system',SYSDATE,'system',SYSDATE);
INSERT INTO DEV.UITEM_PRICE (ITEM_ID,UITEM_ID,APPLY_DT,SALE_PRICE,DISCOUNT_PRICE,COST_PRICE,REG_ID,REG_DTS,MOD_ID,MOD_DTS) VALUES ( 10,10,'20120101',3300,0,1650,'system',SYSDATE,'system',SYSDATE);
INSERT INTO DEV.UITEM_PRICE (ITEM_ID,UITEM_ID,APPLY_DT,SALE_PRICE,DISCOUNT_PRICE,COST_PRICE,REG_ID,REG_DTS,MOD_ID,MOD_DTS) VALUES ( 11,11,'20120101',3300,0,1650,'system',SYSDATE,'system',SYSDATE);
INSERT INTO DEV.UITEM_PRICE (ITEM_ID,UITEM_ID,APPLY_DT,SALE_PRICE,DISCOUNT_PRICE,COST_PRICE,REG_ID,REG_DTS,MOD_ID,MOD_DTS) VALUES ( 12,12,'20120101',3000,0,1500,'system',SYSDATE,'system',SYSDATE);
INSERT INTO DEV.UITEM_PRICE (ITEM_ID,UITEM_ID,APPLY_DT,SALE_PRICE,DISCOUNT_PRICE,COST_PRICE,REG_ID,REG_DTS,MOD_ID,MOD_DTS) VALUES ( 13,13,'20120101',2300,0,1150,'system',SYSDATE,'system',SYSDATE);
INSERT INTO DEV.UITEM_PRICE (ITEM_ID,UITEM_ID,APPLY_DT,SALE_PRICE,DISCOUNT_PRICE,COST_PRICE,REG_ID,REG_DTS,MOD_ID,MOD_DTS) VALUES ( 14,14,'20120101',2300,0,1150,'system',SYSDATE,'system',SYSDATE);
INSERT INTO DEV.UITEM_PRICE (ITEM_ID,UITEM_ID,APPLY_DT,SALE_PRICE,DISCOUNT_PRICE,COST_PRICE,REG_ID,REG_DTS,MOD_ID,MOD_DTS) VALUES ( 15,15,'20120101',2000,0,1000,'system',SYSDATE,'system',SYSDATE);
INSERT INTO DEV.UITEM_PRICE (ITEM_ID,UITEM_ID,APPLY_DT,SALE_PRICE,DISCOUNT_PRICE,COST_PRICE,REG_ID,REG_DTS,MOD_ID,MOD_DTS) VALUES ( 16,16,'20120101',2000,0,1000,'system',SYSDATE,'system',SYSDATE);
INSERT INTO DEV.UITEM_PRICE (ITEM_ID,UITEM_ID,APPLY_DT,SALE_PRICE,DISCOUNT_PRICE,COST_PRICE,REG_ID,REG_DTS,MOD_ID,MOD_DTS) VALUES ( 17,17,'20120101',2000,0,1000,'system',SYSDATE,'system',SYSDATE);
INSERT INTO DEV.UITEM_PRICE (ITEM_ID,UITEM_ID,APPLY_DT,SALE_PRICE,DISCOUNT_PRICE,COST_PRICE,REG_ID,REG_DTS,MOD_ID,MOD_DTS) VALUES ( 18,18,'20120101',2200,0,1100,'system',SYSDATE,'system',SYSDATE);
INSERT INTO DEV.UITEM_PRICE (ITEM_ID,UITEM_ID,APPLY_DT,SALE_PRICE,DISCOUNT_PRICE,COST_PRICE,REG_ID,REG_DTS,MOD_ID,MOD_DTS) VALUES ( 19,19,'20120101',2200,0,1100,'system',SYSDATE,'system',SYSDATE);
INSERT INTO DEV.UITEM_PRICE (ITEM_ID,UITEM_ID,APPLY_DT,SALE_PRICE,DISCOUNT_PRICE,COST_PRICE,REG_ID,REG_DTS,MOD_ID,MOD_DTS) VALUES ( 20,20,'20120101',2200,0,1100,'system',SYSDATE,'system',SYSDATE);
INSERT INTO DEV.UITEM_PRICE (ITEM_ID,UITEM_ID,APPLY_DT,SALE_PRICE,DISCOUNT_PRICE,COST_PRICE,REG_ID,REG_DTS,MOD_ID,MOD_DTS) VALUES ( 21,21,'20120101',4100,0,2050,'system',SYSDATE,'system',SYSDATE);
INSERT INTO DEV.UITEM_PRICE (ITEM_ID,UITEM_ID,APPLY_DT,SALE_PRICE,DISCOUNT_PRICE,COST_PRICE,REG_ID,REG_DTS,MOD_ID,MOD_DTS) VALUES ( 22,22,'20120101',4100,0,2050,'system',SYSDATE,'system',SYSDATE);
INSERT INTO DEV.UITEM_PRICE (ITEM_ID,UITEM_ID,APPLY_DT,SALE_PRICE,DISCOUNT_PRICE,COST_PRICE,REG_ID,REG_DTS,MOD_ID,MOD_DTS) VALUES ( 23,23,'20120101',2500,0,1250,'system',SYSDATE,'system',SYSDATE);
INSERT INTO DEV.UITEM_PRICE (ITEM_ID,UITEM_ID,APPLY_DT,SALE_PRICE,DISCOUNT_PRICE,COST_PRICE,REG_ID,REG_DTS,MOD_ID,MOD_DTS) VALUES ( 24,24,'20120101',2500,0,1250,'system',SYSDATE,'system',SYSDATE);
INSERT INTO DEV.UITEM_PRICE (ITEM_ID,UITEM_ID,APPLY_DT,SALE_PRICE,DISCOUNT_PRICE,COST_PRICE,REG_ID,REG_DTS,MOD_ID,MOD_DTS) VALUES ( 25,25,'20120101',2500,0,1250,'system',SYSDATE,'system',SYSDATE);
INSERT INTO DEV.UITEM_PRICE (ITEM_ID,UITEM_ID,APPLY_DT,SALE_PRICE,DISCOUNT_PRICE,COST_PRICE,REG_ID,REG_DTS,MOD_ID,MOD_DTS) VALUES ( 26,26,'20120101',2000,0,1000,'system',SYSDATE,'system',SYSDATE);
INSERT INTO DEV.UITEM_PRICE (ITEM_ID,UITEM_ID,APPLY_DT,SALE_PRICE,DISCOUNT_PRICE,COST_PRICE,REG_ID,REG_DTS,MOD_ID,MOD_DTS) VALUES ( 27,27,'20120101',1900,0,950,'system',SYSDATE,'system',SYSDATE);
INSERT INTO DEV.UITEM_PRICE (ITEM_ID,UITEM_ID,APPLY_DT,SALE_PRICE,DISCOUNT_PRICE,COST_PRICE,REG_ID,REG_DTS,MOD_ID,MOD_DTS) VALUES ( 28,28,'20120101',1900,0,950,'system',SYSDATE,'system',SYSDATE);
INSERT INTO DEV.UITEM_PRICE (ITEM_ID,UITEM_ID,APPLY_DT,SALE_PRICE,DISCOUNT_PRICE,COST_PRICE,REG_ID,REG_DTS,MOD_ID,MOD_DTS) VALUES ( 29,29,'20120101',2000,0,1000,'system',SYSDATE,'system',SYSDATE);
INSERT INTO DEV.UITEM_PRICE (ITEM_ID,UITEM_ID,APPLY_DT,SALE_PRICE,DISCOUNT_PRICE,COST_PRICE,REG_ID,REG_DTS,MOD_ID,MOD_DTS) VALUES ( 30,30,'20120101',2000,0,1000,'system',SYSDATE,'system',SYSDATE);
INSERT INTO DEV.UITEM_PRICE (ITEM_ID,UITEM_ID,APPLY_DT,SALE_PRICE,DISCOUNT_PRICE,COST_PRICE,REG_ID,REG_DTS,MOD_ID,MOD_DTS) VALUES ( 31,31,'20120101',2000,0,1000,'system',SYSDATE,'system',SYSDATE);
INSERT INTO DEV.UITEM_PRICE (ITEM_ID,UITEM_ID,APPLY_DT,SALE_PRICE,DISCOUNT_PRICE,COST_PRICE,REG_ID,REG_DTS,MOD_ID,MOD_DTS) VALUES ( 32,32,'20120101',1900,0,950,'system',SYSDATE,'system',SYSDATE);
INSERT INTO DEV.UITEM_PRICE (ITEM_ID,UITEM_ID,APPLY_DT,SALE_PRICE,DISCOUNT_PRICE,COST_PRICE,REG_ID,REG_DTS,MOD_ID,MOD_DTS) VALUES ( 33,33,'20120101',1900,0,950,'system',SYSDATE,'system',SYSDATE);
INSERT INTO DEV.UITEM_PRICE (ITEM_ID,UITEM_ID,APPLY_DT,SALE_PRICE,DISCOUNT_PRICE,COST_PRICE,REG_ID,REG_DTS,MOD_ID,MOD_DTS) VALUES ( 34,34,'20120101',1400,0,700,'system',SYSDATE,'system',SYSDATE);
INSERT INTO DEV.UITEM_PRICE (ITEM_ID,UITEM_ID,APPLY_DT,SALE_PRICE,DISCOUNT_PRICE,COST_PRICE,REG_ID,REG_DTS,MOD_ID,MOD_DTS) VALUES ( 35,35,'20120101',500,0,150,'system',SYSDATE,'system',SYSDATE);
INSERT INTO DEV.UITEM_PRICE (ITEM_ID,UITEM_ID,APPLY_DT,SALE_PRICE,DISCOUNT_PRICE,COST_PRICE,REG_ID,REG_DTS,MOD_ID,MOD_DTS) VALUES ( 36,36,'20120101',700,0,210,'system',SYSDATE,'system',SYSDATE);
INSERT INTO DEV.UITEM_PRICE (ITEM_ID,UITEM_ID,APPLY_DT,SALE_PRICE,DISCOUNT_PRICE,COST_PRICE,REG_ID,REG_DTS,MOD_ID,MOD_DTS) VALUES ( 37,37,'20120101',2000,0,600,'system',SYSDATE,'system',SYSDATE);
INSERT INTO DEV.UITEM_PRICE (ITEM_ID,UITEM_ID,APPLY_DT,SALE_PRICE,DISCOUNT_PRICE,COST_PRICE,REG_ID,REG_DTS,MOD_ID,MOD_DTS) VALUES ( 38,38,'20120101',1800,0,540,'system',SYSDATE,'system',SYSDATE);
INSERT INTO DEV.UITEM_PRICE (ITEM_ID,UITEM_ID,APPLY_DT,SALE_PRICE,DISCOUNT_PRICE,COST_PRICE,REG_ID,REG_DTS,MOD_ID,MOD_DTS) VALUES ( 39,39,'20120101',1800,0,540,'system',SYSDATE,'system',SYSDATE);
INSERT INTO DEV.UITEM_PRICE (ITEM_ID,UITEM_ID,APPLY_DT,SALE_PRICE,DISCOUNT_PRICE,COST_PRICE,REG_ID,REG_DTS,MOD_ID,MOD_DTS) VALUES ( 40,40,'20120101',2000,0,600,'system',SYSDATE,'system',SYSDATE);
INSERT INTO DEV.UITEM_PRICE (ITEM_ID,UITEM_ID,APPLY_DT,SALE_PRICE,DISCOUNT_PRICE,COST_PRICE,REG_ID,REG_DTS,MOD_ID,MOD_DTS) VALUES ( 41,41,'20120101',2000,0,600,'system',SYSDATE,'system',SYSDATE);
INSERT INTO DEV.UITEM_PRICE (ITEM_ID,UITEM_ID,APPLY_DT,SALE_PRICE,DISCOUNT_PRICE,COST_PRICE,REG_ID,REG_DTS,MOD_ID,MOD_DTS) VALUES ( 42,42,'20120101',4500,0,1350,'system',SYSDATE,'system',SYSDATE);
INSERT INTO DEV.UITEM_PRICE (ITEM_ID,UITEM_ID,APPLY_DT,SALE_PRICE,DISCOUNT_PRICE,COST_PRICE,REG_ID,REG_DTS,MOD_ID,MOD_DTS) VALUES ( 43,43,'20120101',4000,0,1200,'system',SYSDATE,'system',SYSDATE);
INSERT INTO DEV.UITEM_PRICE (ITEM_ID,UITEM_ID,APPLY_DT,SALE_PRICE,DISCOUNT_PRICE,COST_PRICE,REG_ID,REG_DTS,MOD_ID,MOD_DTS) VALUES ( 44,44,'20120101',3000,0,900,'system',SYSDATE,'system',SYSDATE);
INSERT INTO DEV.UITEM_PRICE (ITEM_ID,UITEM_ID,APPLY_DT,SALE_PRICE,DISCOUNT_PRICE,COST_PRICE,REG_ID,REG_DTS,MOD_ID,MOD_DTS) VALUES ( 45,45,'20120101',1500,0,450,'system',SYSDATE,'system',SYSDATE);
INSERT INTO DEV.UITEM_PRICE (ITEM_ID,UITEM_ID,APPLY_DT,SALE_PRICE,DISCOUNT_PRICE,COST_PRICE,REG_ID,REG_DTS,MOD_ID,MOD_DTS) VALUES ( 46,46,'20120101',1500,0,450,'system',SYSDATE,'system',SYSDATE);
INSERT INTO DEV.UITEM_PRICE (ITEM_ID,UITEM_ID,APPLY_DT,SALE_PRICE,DISCOUNT_PRICE,COST_PRICE,REG_ID,REG_DTS,MOD_ID,MOD_DTS) VALUES ( 47,47,'20120101',1500,0,750,'system',SYSDATE,'system',SYSDATE);
INSERT INTO DEV.UITEM_PRICE (ITEM_ID,UITEM_ID,APPLY_DT,SALE_PRICE,DISCOUNT_PRICE,COST_PRICE,REG_ID,REG_DTS,MOD_ID,MOD_DTS) VALUES ( 48,48,'20120101',1500,0,750,'system',SYSDATE,'system',SYSDATE);
INSERT INTO DEV.UITEM_PRICE (ITEM_ID,UITEM_ID,APPLY_DT,SALE_PRICE,DISCOUNT_PRICE,COST_PRICE,REG_ID,REG_DTS,MOD_ID,MOD_DTS) VALUES ( 49,49,'20120101',1000,0,200,'system',SYSDATE,'system',SYSDATE);
INSERT INTO DEV.UITEM_PRICE (ITEM_ID,UITEM_ID,APPLY_DT,SALE_PRICE,DISCOUNT_PRICE,COST_PRICE,REG_ID,REG_DTS,MOD_ID,MOD_DTS) VALUES ( 50,50,'20120101',1000,0,200,'system',SYSDATE,'system',SYSDATE);
INSERT INTO DEV.UITEM_PRICE (ITEM_ID,UITEM_ID,APPLY_DT,SALE_PRICE,DISCOUNT_PRICE,COST_PRICE,REG_ID,REG_DTS,MOD_ID,MOD_DTS) VALUES ( 51,51,'20120101',1000,0,200,'system',SYSDATE,'system',SYSDATE);
INSERT INTO DEV.UITEM_PRICE (ITEM_ID,UITEM_ID,APPLY_DT,SALE_PRICE,DISCOUNT_PRICE,COST_PRICE,REG_ID,REG_DTS,MOD_ID,MOD_DTS) VALUES ( 52,52,'20120101',2000,0,400,'system',SYSDATE,'system',SYSDATE);
INSERT INTO DEV.UITEM_PRICE (ITEM_ID,UITEM_ID,APPLY_DT,SALE_PRICE,DISCOUNT_PRICE,COST_PRICE,REG_ID,REG_DTS,MOD_ID,MOD_DTS) VALUES ( 53,53,'20120101',2000,0,400,'system',SYSDATE,'system',SYSDATE);
INSERT INTO DEV.UITEM_PRICE (ITEM_ID,UITEM_ID,APPLY_DT,SALE_PRICE,DISCOUNT_PRICE,COST_PRICE,REG_ID,REG_DTS,MOD_ID,MOD_DTS) VALUES ( 54,54,'20120101',3000,0,600,'system',SYSDATE,'system',SYSDATE);
INSERT INTO DEV.UITEM_PRICE (ITEM_ID,UITEM_ID,APPLY_DT,SALE_PRICE,DISCOUNT_PRICE,COST_PRICE,REG_ID,REG_DTS,MOD_ID,MOD_DTS) VALUES ( 55,55,'20120101',3000,0,600,'system',SYSDATE,'system',SYSDATE);
INSERT INTO DEV.UITEM_PRICE (ITEM_ID,UITEM_ID,APPLY_DT,SALE_PRICE,DISCOUNT_PRICE,COST_PRICE,REG_ID,REG_DTS,MOD_ID,MOD_DTS) VALUES ( 56,56,'20120101',2500,0,500,'system',SYSDATE,'system',SYSDATE);
INSERT INTO DEV.UITEM_PRICE (ITEM_ID,UITEM_ID,APPLY_DT,SALE_PRICE,DISCOUNT_PRICE,COST_PRICE,REG_ID,REG_DTS,MOD_ID,MOD_DTS) VALUES ( 57,57,'20120101',2000,0,400,'system',SYSDATE,'system',SYSDATE);
INSERT INTO DEV.UITEM_PRICE (ITEM_ID,UITEM_ID,APPLY_DT,SALE_PRICE,DISCOUNT_PRICE,COST_PRICE,REG_ID,REG_DTS,MOD_ID,MOD_DTS) VALUES ( 58,58,'20120101',2800,0,560,'system',SYSDATE,'system',SYSDATE);
INSERT INTO DEV.UITEM_PRICE (ITEM_ID,UITEM_ID,APPLY_DT,SALE_PRICE,DISCOUNT_PRICE,COST_PRICE,REG_ID,REG_DTS,MOD_ID,MOD_DTS) VALUES ( 59,59,'20120101',2800,0,560,'system',SYSDATE,'system',SYSDATE);
INSERT INTO DEV.UITEM_PRICE (ITEM_ID,UITEM_ID,APPLY_DT,SALE_PRICE,DISCOUNT_PRICE,COST_PRICE,REG_ID,REG_DTS,MOD_ID,MOD_DTS) VALUES ( 60,60,'20120101',2800,0,560,'system',SYSDATE,'system',SYSDATE);
INSERT INTO DEV.UITEM_PRICE (ITEM_ID,UITEM_ID,APPLY_DT,SALE_PRICE,DISCOUNT_PRICE,COST_PRICE,REG_ID,REG_DTS,MOD_ID,MOD_DTS) VALUES ( 61,61,'20120101',2200,0,440,'system',SYSDATE,'system',SYSDATE);
INSERT INTO DEV.UITEM_PRICE (ITEM_ID,UITEM_ID,APPLY_DT,SALE_PRICE,DISCOUNT_PRICE,COST_PRICE,REG_ID,REG_DTS,MOD_ID,MOD_DTS) VALUES ( 62,62,'20120101',2200,0,440,'system',SYSDATE,'system',SYSDATE);
INSERT INTO DEV.UITEM_PRICE (ITEM_ID,UITEM_ID,APPLY_DT,SALE_PRICE,DISCOUNT_PRICE,COST_PRICE,REG_ID,REG_DTS,MOD_ID,MOD_DTS) VALUES ( 63,63,'20120101',2000,0,400,'system',SYSDATE,'system',SYSDATE);
INSERT INTO DEV.UITEM_PRICE (ITEM_ID,UITEM_ID,APPLY_DT,SALE_PRICE,DISCOUNT_PRICE,COST_PRICE,REG_ID,REG_DTS,MOD_ID,MOD_DTS) VALUES ( 64,64,'20120101',2000,0,400,'system',SYSDATE,'system',SYSDATE);
INSERT INTO DEV.UITEM_PRICE (ITEM_ID,UITEM_ID,APPLY_DT,SALE_PRICE,DISCOUNT_PRICE,COST_PRICE,REG_ID,REG_DTS,MOD_ID,MOD_DTS) VALUES ( 65,65,'20120101',1700,0,340,'system',SYSDATE,'system',SYSDATE);
INSERT INTO DEV.UITEM_PRICE (ITEM_ID,UITEM_ID,APPLY_DT,SALE_PRICE,DISCOUNT_PRICE,COST_PRICE,REG_ID,REG_DTS,MOD_ID,MOD_DTS) VALUES ( 66,66,'20120101',1700,0,340,'system',SYSDATE,'system',SYSDATE);
INSERT INTO DEV.UITEM_PRICE (ITEM_ID,UITEM_ID,APPLY_DT,SALE_PRICE,DISCOUNT_PRICE,COST_PRICE,REG_ID,REG_DTS,MOD_ID,MOD_DTS) VALUES ( 67,67,'20120101',1700,0,340,'system',SYSDATE,'system',SYSDATE);
INSERT INTO DEV.UITEM_PRICE (ITEM_ID,UITEM_ID,APPLY_DT,SALE_PRICE,DISCOUNT_PRICE,COST_PRICE,REG_ID,REG_DTS,MOD_ID,MOD_DTS) VALUES ( 68,68,'20120101',1700,0,340,'system',SYSDATE,'system',SYSDATE);
INSERT INTO DEV.UITEM_PRICE (ITEM_ID,UITEM_ID,APPLY_DT,SALE_PRICE,DISCOUNT_PRICE,COST_PRICE,REG_ID,REG_DTS,MOD_ID,MOD_DTS) VALUES ( 69,69,'20120101',1700,0,340,'system',SYSDATE,'system',SYSDATE);
INSERT INTO DEV.UITEM_PRICE (ITEM_ID,UITEM_ID,APPLY_DT,SALE_PRICE,DISCOUNT_PRICE,COST_PRICE,REG_ID,REG_DTS,MOD_ID,MOD_DTS) VALUES ( 70,70,'20120101',1000,0,200,'system',SYSDATE,'system',SYSDATE);
INSERT INTO DEV.UITEM_PRICE (ITEM_ID,UITEM_ID,APPLY_DT,SALE_PRICE,DISCOUNT_PRICE,COST_PRICE,REG_ID,REG_DTS,MOD_ID,MOD_DTS) VALUES ( 71,71,'20120101',2500,0,500,'system',SYSDATE,'system',SYSDATE);
INSERT INTO DEV.UITEM_PRICE (ITEM_ID,UITEM_ID,APPLY_DT,SALE_PRICE,DISCOUNT_PRICE,COST_PRICE,REG_ID,REG_DTS,MOD_ID,MOD_DTS) VALUES ( 72,72,'20120101',2500,0,500,'system',SYSDATE,'system',SYSDATE);
INSERT INTO DEV.UITEM_PRICE (ITEM_ID,UITEM_ID,APPLY_DT,SALE_PRICE,DISCOUNT_PRICE,COST_PRICE,REG_ID,REG_DTS,MOD_ID,MOD_DTS) VALUES ( 73,73,'20120101',2500,0,500,'system',SYSDATE,'system',SYSDATE);
INSERT INTO DEV.UITEM_PRICE (ITEM_ID,UITEM_ID,APPLY_DT,SALE_PRICE,DISCOUNT_PRICE,COST_PRICE,REG_ID,REG_DTS,MOD_ID,MOD_DTS) VALUES ( 74,74,'20120101',1500,0,750,'system',SYSDATE,'system',SYSDATE);
INSERT INTO DEV.UITEM_PRICE (ITEM_ID,UITEM_ID,APPLY_DT,SALE_PRICE,DISCOUNT_PRICE,COST_PRICE,REG_ID,REG_DTS,MOD_ID,MOD_DTS) VALUES ( 75,1,'20120101',5500,0,2750,'system',SYSDATE,'system',SYSDATE);
INSERT INTO DEV.UITEM_PRICE (ITEM_ID,UITEM_ID,APPLY_DT,SALE_PRICE,DISCOUNT_PRICE,COST_PRICE,REG_ID,REG_DTS,MOD_ID,MOD_DTS) VALUES ( 75,11,'20120101',3300,0,1650,'system',SYSDATE,'system',SYSDATE);
INSERT INTO DEV.UITEM_PRICE (ITEM_ID,UITEM_ID,APPLY_DT,SALE_PRICE,DISCOUNT_PRICE,COST_PRICE,REG_ID,REG_DTS,MOD_ID,MOD_DTS) VALUES ( 75,74,'20120101',1500,0,750,'system',SYSDATE,'system',SYSDATE);
INSERT INTO DEV.UITEM_PRICE (ITEM_ID,UITEM_ID,APPLY_DT,SALE_PRICE,DISCOUNT_PRICE,COST_PRICE,REG_ID,REG_DTS,MOD_ID,MOD_DTS) VALUES ( 75,34,'20120101',1400,0,700,'system',SYSDATE,'system',SYSDATE);
INSERT INTO DEV.UITEM_PRICE (ITEM_ID,UITEM_ID,APPLY_DT,SALE_PRICE,DISCOUNT_PRICE,COST_PRICE,REG_ID,REG_DTS,MOD_ID,MOD_DTS) VALUES ( 75,68,'20120101',1700,0,340,'system',SYSDATE,'system',SYSDATE);
INSERT INTO DEV.UITEM_PRICE (ITEM_ID,UITEM_ID,APPLY_DT,SALE_PRICE,DISCOUNT_PRICE,COST_PRICE,REG_ID,REG_DTS,MOD_ID,MOD_DTS) VALUES ( 75,69,'20120101',1700,0,340,'system',SYSDATE,'system',SYSDATE);
INSERT INTO DEV.UITEM_PRICE (ITEM_ID,UITEM_ID,APPLY_DT,SALE_PRICE,DISCOUNT_PRICE,COST_PRICE,REG_ID,REG_DTS,MOD_ID,MOD_DTS) VALUES ( 76,1,'20120101',5500,0,2750,'system',SYSDATE,'system',SYSDATE);
INSERT INTO DEV.UITEM_PRICE (ITEM_ID,UITEM_ID,APPLY_DT,SALE_PRICE,DISCOUNT_PRICE,COST_PRICE,REG_ID,REG_DTS,MOD_ID,MOD_DTS) VALUES ( 76,34,'20120101',1400,0,700,'system',SYSDATE,'system',SYSDATE);
INSERT INTO DEV.UITEM_PRICE (ITEM_ID,UITEM_ID,APPLY_DT,SALE_PRICE,DISCOUNT_PRICE,COST_PRICE,REG_ID,REG_DTS,MOD_ID,MOD_DTS) VALUES ( 76,68,'20120101',1700,0,340,'system',SYSDATE,'system',SYSDATE);
INSERT INTO DEV.UITEM_PRICE (ITEM_ID,UITEM_ID,APPLY_DT,SALE_PRICE,DISCOUNT_PRICE,COST_PRICE,REG_ID,REG_DTS,MOD_ID,MOD_DTS) VALUES ( 76,48,'20120101',1500,0,750,'system',SYSDATE,'system',SYSDATE);
INSERT INTO DEV.UITEM_PRICE (ITEM_ID,UITEM_ID,APPLY_DT,SALE_PRICE,DISCOUNT_PRICE,COST_PRICE,REG_ID,REG_DTS,MOD_ID,MOD_DTS) VALUES ( 77,9,'20120101',3900,0,1950,'system',SYSDATE,'system',SYSDATE);
INSERT INTO DEV.UITEM_PRICE (ITEM_ID,UITEM_ID,APPLY_DT,SALE_PRICE,DISCOUNT_PRICE,COST_PRICE,REG_ID,REG_DTS,MOD_ID,MOD_DTS) VALUES ( 77,34,'20120101',1400,0,700,'system',SYSDATE,'system',SYSDATE);
INSERT INTO DEV.UITEM_PRICE (ITEM_ID,UITEM_ID,APPLY_DT,SALE_PRICE,DISCOUNT_PRICE,COST_PRICE,REG_ID,REG_DTS,MOD_ID,MOD_DTS) VALUES ( 77,68,'20120101',1700,0,340,'system',SYSDATE,'system',SYSDATE);
INSERT INTO DEV.UITEM_PRICE (ITEM_ID,UITEM_ID,APPLY_DT,SALE_PRICE,DISCOUNT_PRICE,COST_PRICE,REG_ID,REG_DTS,MOD_ID,MOD_DTS) VALUES ( 78,12,'20120101',3000,0,1500,'system',SYSDATE,'system',SYSDATE);
INSERT INTO DEV.UITEM_PRICE (ITEM_ID,UITEM_ID,APPLY_DT,SALE_PRICE,DISCOUNT_PRICE,COST_PRICE,REG_ID,REG_DTS,MOD_ID,MOD_DTS) VALUES ( 78,34,'20120101',1400,0,700,'system',SYSDATE,'system',SYSDATE);
INSERT INTO DEV.UITEM_PRICE (ITEM_ID,UITEM_ID,APPLY_DT,SALE_PRICE,DISCOUNT_PRICE,COST_PRICE,REG_ID,REG_DTS,MOD_ID,MOD_DTS) VALUES ( 78,68,'20120101',1700,0,340,'system',SYSDATE,'system',SYSDATE);
INSERT INTO DEV.UITEM_PRICE (ITEM_ID,UITEM_ID,APPLY_DT,SALE_PRICE,DISCOUNT_PRICE,COST_PRICE,REG_ID,REG_DTS,MOD_ID,MOD_DTS) VALUES ( 79,2,'20120101',4800,0,2400,'system',SYSDATE,'system',SYSDATE);
INSERT INTO DEV.UITEM_PRICE (ITEM_ID,UITEM_ID,APPLY_DT,SALE_PRICE,DISCOUNT_PRICE,COST_PRICE,REG_ID,REG_DTS,MOD_ID,MOD_DTS) VALUES ( 79,34,'20120101',1400,0,700,'system',SYSDATE,'system',SYSDATE);
INSERT INTO DEV.UITEM_PRICE (ITEM_ID,UITEM_ID,APPLY_DT,SALE_PRICE,DISCOUNT_PRICE,COST_PRICE,REG_ID,REG_DTS,MOD_ID,MOD_DTS) VALUES ( 79,68,'20120101',1700,0,340,'system',SYSDATE,'system',SYSDATE);
INSERT INTO DEV.UITEM_PRICE (ITEM_ID,UITEM_ID,APPLY_DT,SALE_PRICE,DISCOUNT_PRICE,COST_PRICE,REG_ID,REG_DTS,MOD_ID,MOD_DTS) VALUES ( 80,3,'20120101',4700,0,2350,'system',SYSDATE,'system',SYSDATE);
INSERT INTO DEV.UITEM_PRICE (ITEM_ID,UITEM_ID,APPLY_DT,SALE_PRICE,DISCOUNT_PRICE,COST_PRICE,REG_ID,REG_DTS,MOD_ID,MOD_DTS) VALUES ( 80,34,'20120101',1400,0,700,'system',SYSDATE,'system',SYSDATE);
INSERT INTO DEV.UITEM_PRICE (ITEM_ID,UITEM_ID,APPLY_DT,SALE_PRICE,DISCOUNT_PRICE,COST_PRICE,REG_ID,REG_DTS,MOD_ID,MOD_DTS) VALUES ( 80,68,'20120101',1700,0,340,'system',SYSDATE,'system',SYSDATE);
INSERT INTO DEV.UITEM_PRICE (ITEM_ID,UITEM_ID,APPLY_DT,SALE_PRICE,DISCOUNT_PRICE,COST_PRICE,REG_ID,REG_DTS,MOD_ID,MOD_DTS) VALUES ( 81,4,'20120101',4500,0,2250,'system',SYSDATE,'system',SYSDATE);
INSERT INTO DEV.UITEM_PRICE (ITEM_ID,UITEM_ID,APPLY_DT,SALE_PRICE,DISCOUNT_PRICE,COST_PRICE,REG_ID,REG_DTS,MOD_ID,MOD_DTS) VALUES ( 81,34,'20120101',1400,0,700,'system',SYSDATE,'system',SYSDATE);
INSERT INTO DEV.UITEM_PRICE (ITEM_ID,UITEM_ID,APPLY_DT,SALE_PRICE,DISCOUNT_PRICE,COST_PRICE,REG_ID,REG_DTS,MOD_ID,MOD_DTS) VALUES ( 81,68,'20120101',1700,0,340,'system',SYSDATE,'system',SYSDATE);
INSERT INTO DEV.UITEM_PRICE (ITEM_ID,UITEM_ID,APPLY_DT,SALE_PRICE,DISCOUNT_PRICE,COST_PRICE,REG_ID,REG_DTS,MOD_ID,MOD_DTS) VALUES ( 82,5,'20120101',4500,0,2250,'system',SYSDATE,'system',SYSDATE);
INSERT INTO DEV.UITEM_PRICE (ITEM_ID,UITEM_ID,APPLY_DT,SALE_PRICE,DISCOUNT_PRICE,COST_PRICE,REG_ID,REG_DTS,MOD_ID,MOD_DTS) VALUES ( 82,34,'20120101',1400,0,700,'system',SYSDATE,'system',SYSDATE);
INSERT INTO DEV.UITEM_PRICE (ITEM_ID,UITEM_ID,APPLY_DT,SALE_PRICE,DISCOUNT_PRICE,COST_PRICE,REG_ID,REG_DTS,MOD_ID,MOD_DTS) VALUES ( 82,68,'20120101',1700,0,340,'system',SYSDATE,'system',SYSDATE);
INSERT INTO DEV.UITEM_PRICE (ITEM_ID,UITEM_ID,APPLY_DT,SALE_PRICE,DISCOUNT_PRICE,COST_PRICE,REG_ID,REG_DTS,MOD_ID,MOD_DTS) VALUES ( 83,6,'20120101',4300,0,2150,'system',SYSDATE,'system',SYSDATE);
INSERT INTO DEV.UITEM_PRICE (ITEM_ID,UITEM_ID,APPLY_DT,SALE_PRICE,DISCOUNT_PRICE,COST_PRICE,REG_ID,REG_DTS,MOD_ID,MOD_DTS) VALUES ( 83,34,'20120101',1400,0,700,'system',SYSDATE,'system',SYSDATE);
INSERT INTO DEV.UITEM_PRICE (ITEM_ID,UITEM_ID,APPLY_DT,SALE_PRICE,DISCOUNT_PRICE,COST_PRICE,REG_ID,REG_DTS,MOD_ID,MOD_DTS) VALUES ( 83,68,'20120101',1700,0,340,'system',SYSDATE,'system',SYSDATE);
INSERT INTO DEV.UITEM_PRICE (ITEM_ID,UITEM_ID,APPLY_DT,SALE_PRICE,DISCOUNT_PRICE,COST_PRICE,REG_ID,REG_DTS,MOD_ID,MOD_DTS) VALUES ( 84,86,'20120101',3800,0,1900,'system',SYSDATE,'system',SYSDATE);
INSERT INTO DEV.UITEM_PRICE (ITEM_ID,UITEM_ID,APPLY_DT,SALE_PRICE,DISCOUNT_PRICE,COST_PRICE,REG_ID,REG_DTS,MOD_ID,MOD_DTS) VALUES ( 85,86,'20120101',3800,0,1900,'system',SYSDATE,'system',SYSDATE);
INSERT INTO DEV.UITEM_PRICE (ITEM_ID,UITEM_ID,APPLY_DT,SALE_PRICE,DISCOUNT_PRICE,COST_PRICE,REG_ID,REG_DTS,MOD_ID,MOD_DTS) VALUES ( 85,34,'20120101',1400,0,700,'system',SYSDATE,'system',SYSDATE);
INSERT INTO DEV.UITEM_PRICE (ITEM_ID,UITEM_ID,APPLY_DT,SALE_PRICE,DISCOUNT_PRICE,COST_PRICE,REG_ID,REG_DTS,MOD_ID,MOD_DTS) VALUES ( 85,68,'20120101',1700,0,340,'system',SYSDATE,'system',SYSDATE);
INSERT INTO DEV.UITEM_PRICE (ITEM_ID,UITEM_ID,APPLY_DT,SALE_PRICE,DISCOUNT_PRICE,COST_PRICE,REG_ID,REG_DTS,MOD_ID,MOD_DTS) VALUES ( 86,7,'20120101',3900,0,1950,'system',SYSDATE,'system',SYSDATE);
INSERT INTO DEV.UITEM_PRICE (ITEM_ID,UITEM_ID,APPLY_DT,SALE_PRICE,DISCOUNT_PRICE,COST_PRICE,REG_ID,REG_DTS,MOD_ID,MOD_DTS) VALUES ( 86,34,'20120101',1400,0,700,'system',SYSDATE,'system',SYSDATE);
INSERT INTO DEV.UITEM_PRICE (ITEM_ID,UITEM_ID,APPLY_DT,SALE_PRICE,DISCOUNT_PRICE,COST_PRICE,REG_ID,REG_DTS,MOD_ID,MOD_DTS) VALUES ( 86,68,'20120101',1700,0,340,'system',SYSDATE,'system',SYSDATE);
INSERT INTO DEV.UITEM_PRICE (ITEM_ID,UITEM_ID,APPLY_DT,SALE_PRICE,DISCOUNT_PRICE,COST_PRICE,REG_ID,REG_DTS,MOD_ID,MOD_DTS) VALUES ( 87,8,'20120101',3500,0,1750,'system',SYSDATE,'system',SYSDATE);
INSERT INTO DEV.UITEM_PRICE (ITEM_ID,UITEM_ID,APPLY_DT,SALE_PRICE,DISCOUNT_PRICE,COST_PRICE,REG_ID,REG_DTS,MOD_ID,MOD_DTS) VALUES ( 87,34,'20120101',1400,0,700,'system',SYSDATE,'system',SYSDATE);
INSERT INTO DEV.UITEM_PRICE (ITEM_ID,UITEM_ID,APPLY_DT,SALE_PRICE,DISCOUNT_PRICE,COST_PRICE,REG_ID,REG_DTS,MOD_ID,MOD_DTS) VALUES ( 87,68,'20120101',1700,0,340,'system',SYSDATE,'system',SYSDATE);
INSERT INTO DEV.UITEM_PRICE (ITEM_ID,UITEM_ID,APPLY_DT,SALE_PRICE,DISCOUNT_PRICE,COST_PRICE,REG_ID,REG_DTS,MOD_ID,MOD_DTS) VALUES ( 88,10,'20120101',3300,0,1650,'system',SYSDATE,'system',SYSDATE);
INSERT INTO DEV.UITEM_PRICE (ITEM_ID,UITEM_ID,APPLY_DT,SALE_PRICE,DISCOUNT_PRICE,COST_PRICE,REG_ID,REG_DTS,MOD_ID,MOD_DTS) VALUES ( 88,34,'20120101',1400,0,700,'system',SYSDATE,'system',SYSDATE);
INSERT INTO DEV.UITEM_PRICE (ITEM_ID,UITEM_ID,APPLY_DT,SALE_PRICE,DISCOUNT_PRICE,COST_PRICE,REG_ID,REG_DTS,MOD_ID,MOD_DTS) VALUES ( 88,68,'20120101',1700,0,340,'system',SYSDATE,'system',SYSDATE);
INSERT INTO DEV.UITEM_PRICE (ITEM_ID,UITEM_ID,APPLY_DT,SALE_PRICE,DISCOUNT_PRICE,COST_PRICE,REG_ID,REG_DTS,MOD_ID,MOD_DTS) VALUES ( 89,11,'20120101',3300,0,1650,'system',SYSDATE,'system',SYSDATE);
INSERT INTO DEV.UITEM_PRICE (ITEM_ID,UITEM_ID,APPLY_DT,SALE_PRICE,DISCOUNT_PRICE,COST_PRICE,REG_ID,REG_DTS,MOD_ID,MOD_DTS) VALUES ( 89,34,'20120101',1400,0,700,'system',SYSDATE,'system',SYSDATE);
INSERT INTO DEV.UITEM_PRICE (ITEM_ID,UITEM_ID,APPLY_DT,SALE_PRICE,DISCOUNT_PRICE,COST_PRICE,REG_ID,REG_DTS,MOD_ID,MOD_DTS) VALUES ( 89,68,'20120101',1700,0,340,'system',SYSDATE,'system',SYSDATE);
INSERT INTO DEV.UITEM_PRICE (ITEM_ID,UITEM_ID,APPLY_DT,SALE_PRICE,DISCOUNT_PRICE,COST_PRICE,REG_ID,REG_DTS,MOD_ID,MOD_DTS) VALUES ( 90,12,'20120101',3000,0,1500,'system',SYSDATE,'system',SYSDATE);
INSERT INTO DEV.UITEM_PRICE (ITEM_ID,UITEM_ID,APPLY_DT,SALE_PRICE,DISCOUNT_PRICE,COST_PRICE,REG_ID,REG_DTS,MOD_ID,MOD_DTS) VALUES ( 90,34,'20120101',1400,0,700,'system',SYSDATE,'system',SYSDATE);
INSERT INTO DEV.UITEM_PRICE (ITEM_ID,UITEM_ID,APPLY_DT,SALE_PRICE,DISCOUNT_PRICE,COST_PRICE,REG_ID,REG_DTS,MOD_ID,MOD_DTS) VALUES ( 90,68,'20120101',1700,0,340,'system',SYSDATE,'system',SYSDATE);
INSERT INTO DEV.UITEM_PRICE (ITEM_ID,UITEM_ID,APPLY_DT,SALE_PRICE,DISCOUNT_PRICE,COST_PRICE,REG_ID,REG_DTS,MOD_ID,MOD_DTS) VALUES ( 91,14,'20120101',2300,0,1150,'system',SYSDATE,'system',SYSDATE);
INSERT INTO DEV.UITEM_PRICE (ITEM_ID,UITEM_ID,APPLY_DT,SALE_PRICE,DISCOUNT_PRICE,COST_PRICE,REG_ID,REG_DTS,MOD_ID,MOD_DTS) VALUES ( 91,34,'20120101',1400,0,700,'system',SYSDATE,'system',SYSDATE);
INSERT INTO DEV.UITEM_PRICE (ITEM_ID,UITEM_ID,APPLY_DT,SALE_PRICE,DISCOUNT_PRICE,COST_PRICE,REG_ID,REG_DTS,MOD_ID,MOD_DTS) VALUES ( 91,68,'20120101',1700,0,340,'system',SYSDATE,'system',SYSDATE);
INSERT INTO DEV.UITEM_PRICE (ITEM_ID,UITEM_ID,APPLY_DT,SALE_PRICE,DISCOUNT_PRICE,COST_PRICE,REG_ID,REG_DTS,MOD_ID,MOD_DTS) VALUES ( 92,13,'20120101',2300,0,1150,'system',SYSDATE,'system',SYSDATE);
INSERT INTO DEV.UITEM_PRICE (ITEM_ID,UITEM_ID,APPLY_DT,SALE_PRICE,DISCOUNT_PRICE,COST_PRICE,REG_ID,REG_DTS,MOD_ID,MOD_DTS) VALUES ( 92,34,'20120101',1400,0,700,'system',SYSDATE,'system',SYSDATE);
INSERT INTO DEV.UITEM_PRICE (ITEM_ID,UITEM_ID,APPLY_DT,SALE_PRICE,DISCOUNT_PRICE,COST_PRICE,REG_ID,REG_DTS,MOD_ID,MOD_DTS) VALUES ( 92,68,'20120101',1700,0,340,'system',SYSDATE,'system',SYSDATE);

INSERT INTO DEV.SHOP (SHOP_NO,SHOP_NM,ADDR,TEL,REG_ID,REG_DTS,MOD_ID,MOD_DTS) VALUES ( 'SH0001','강남점',NULL,NULL,'SYSTEM',SYSDATE,'SYSTEM',SYSDATE);
INSERT INTO DEV.SHOP (SHOP_NO,SHOP_NM,ADDR,TEL,REG_ID,REG_DTS,MOD_ID,MOD_DTS) VALUES ( 'SH0002','잠실점',NULL,NULL,'SYSTEM',SYSDATE,'SYSTEM',SYSDATE);
INSERT INTO DEV.SHOP (SHOP_NO,SHOP_NM,ADDR,TEL,REG_ID,REG_DTS,MOD_ID,MOD_DTS) VALUES ( 'SH0003','홍대입구점',NULL,NULL,'SYSTEM',SYSDATE,'SYSTEM',SYSDATE);
INSERT INTO DEV.SHOP (SHOP_NO,SHOP_NM,ADDR,TEL,REG_ID,REG_DTS,MOD_ID,MOD_DTS) VALUES ( 'SH0004','신림점',NULL,NULL,'SYSTEM',SYSDATE,'SYSTEM',SYSDATE);
INSERT INTO DEV.SHOP (SHOP_NO,SHOP_NM,ADDR,TEL,REG_ID,REG_DTS,MOD_ID,MOD_DTS) VALUES ( 'SH0005','구로디지털단지점',NULL,NULL,'SYSTEM',SYSDATE,'SYSTEM',SYSDATE);
INSERT INTO DEV.SHOP (SHOP_NO,SHOP_NM,ADDR,TEL,REG_ID,REG_DTS,MOD_ID,MOD_DTS) VALUES ( 'SH0006','삼성점',NULL,NULL,'SYSTEM',SYSDATE,'SYSTEM',SYSDATE);
INSERT INTO DEV.SHOP (SHOP_NO,SHOP_NM,ADDR,TEL,REG_ID,REG_DTS,MOD_ID,MOD_DTS) VALUES ( 'SH0007','고속터미널점',NULL,NULL,'SYSTEM',SYSDATE,'SYSTEM',SYSDATE);
INSERT INTO DEV.SHOP (SHOP_NO,SHOP_NM,ADDR,TEL,REG_ID,REG_DTS,MOD_ID,MOD_DTS) VALUES ( 'SH0008','신도림점',NULL,NULL,'SYSTEM',SYSDATE,'SYSTEM',SYSDATE);
INSERT INTO DEV.SHOP (SHOP_NO,SHOP_NM,ADDR,TEL,REG_ID,REG_DTS,MOD_ID,MOD_DTS) VALUES ( 'SH0009','선릉점',NULL,NULL,'SYSTEM',SYSDATE,'SYSTEM',SYSDATE);
INSERT INTO DEV.SHOP (SHOP_NO,SHOP_NM,ADDR,TEL,REG_ID,REG_DTS,MOD_ID,MOD_DTS) VALUES ( 'SH0010','서울역점',NULL,NULL,'SYSTEM',SYSDATE,'SYSTEM',SYSDATE);
INSERT INTO DEV.SHOP (SHOP_NO,SHOP_NM,ADDR,TEL,REG_ID,REG_DTS,MOD_ID,MOD_DTS) VALUES ( 'SH0011','서울대입구점',NULL,NULL,'SYSTEM',SYSDATE,'SYSTEM',SYSDATE);
INSERT INTO DEV.SHOP (SHOP_NO,SHOP_NM,ADDR,TEL,REG_ID,REG_DTS,MOD_ID,MOD_DTS) VALUES ( 'SH0012','을지로입구점',NULL,NULL,'SYSTEM',SYSDATE,'SYSTEM',SYSDATE);
INSERT INTO DEV.SHOP (SHOP_NO,SHOP_NM,ADDR,TEL,REG_ID,REG_DTS,MOD_ID,MOD_DTS) VALUES ( 'SH0013','신촌점',NULL,NULL,'SYSTEM',SYSDATE,'SYSTEM',SYSDATE);
INSERT INTO DEV.SHOP (SHOP_NO,SHOP_NM,ADDR,TEL,REG_ID,REG_DTS,MOD_ID,MOD_DTS) VALUES ( 'SH0014','역삼점',NULL,NULL,'SYSTEM',SYSDATE,'SYSTEM',SYSDATE);
INSERT INTO DEV.SHOP (SHOP_NO,SHOP_NM,ADDR,TEL,REG_ID,REG_DTS,MOD_ID,MOD_DTS) VALUES ( 'SH0015','강변점',NULL,NULL,'SYSTEM',SYSDATE,'SYSTEM',SYSDATE);
INSERT INTO DEV.SHOP (SHOP_NO,SHOP_NM,ADDR,TEL,REG_ID,REG_DTS,MOD_ID,MOD_DTS) VALUES ( 'SH0016','수원점',NULL,NULL,'SYSTEM',SYSDATE,'SYSTEM',SYSDATE);
INSERT INTO DEV.SHOP (SHOP_NO,SHOP_NM,ADDR,TEL,REG_ID,REG_DTS,MOD_ID,MOD_DTS) VALUES ( 'SH0017','영등포점',NULL,NULL,'SYSTEM',SYSDATE,'SYSTEM',SYSDATE);
INSERT INTO DEV.SHOP (SHOP_NO,SHOP_NM,ADDR,TEL,REG_ID,REG_DTS,MOD_ID,MOD_DTS) VALUES ( 'SH0018','양재점',NULL,NULL,'SYSTEM',SYSDATE,'SYSTEM',SYSDATE);
INSERT INTO DEV.SHOP (SHOP_NO,SHOP_NM,ADDR,TEL,REG_ID,REG_DTS,MOD_ID,MOD_DTS) VALUES ( 'SH0019','종각점',NULL,NULL,'SYSTEM',SYSDATE,'SYSTEM',SYSDATE);
INSERT INTO DEV.SHOP (SHOP_NO,SHOP_NM,ADDR,TEL,REG_ID,REG_DTS,MOD_ID,MOD_DTS) VALUES ( 'SH0020','건대입구점',NULL,NULL,'SYSTEM',SYSDATE,'SYSTEM',SYSDATE);
INSERT INTO DEV.SHOP (SHOP_NO,SHOP_NM,ADDR,TEL,REG_ID,REG_DTS,MOD_ID,MOD_DTS) VALUES ( 'SH0021','연신내점',NULL,NULL,'SYSTEM',SYSDATE,'SYSTEM',SYSDATE);
INSERT INTO DEV.SHOP (SHOP_NO,SHOP_NM,ADDR,TEL,REG_ID,REG_DTS,MOD_ID,MOD_DTS) VALUES ( 'SH0022','가산디지털단지점',NULL,NULL,'SYSTEM',SYSDATE,'SYSTEM',SYSDATE);
INSERT INTO DEV.SHOP (SHOP_NO,SHOP_NM,ADDR,TEL,REG_ID,REG_DTS,MOD_ID,MOD_DTS) VALUES ( 'SH0023','용산점',NULL,NULL,'SYSTEM',SYSDATE,'SYSTEM',SYSDATE);
INSERT INTO DEV.SHOP (SHOP_NO,SHOP_NM,ADDR,TEL,REG_ID,REG_DTS,MOD_ID,MOD_DTS) VALUES ( 'SH0024','혜화점',NULL,NULL,'SYSTEM',SYSDATE,'SYSTEM',SYSDATE);
INSERT INTO DEV.SHOP (SHOP_NO,SHOP_NM,ADDR,TEL,REG_ID,REG_DTS,MOD_ID,MOD_DTS) VALUES ( 'SH0025','사당점',NULL,NULL,'SYSTEM',SYSDATE,'SYSTEM',SYSDATE);
INSERT INTO DEV.SHOP (SHOP_NO,SHOP_NM,ADDR,TEL,REG_ID,REG_DTS,MOD_ID,MOD_DTS) VALUES ( 'SH0026','부천점',NULL,NULL,'SYSTEM',SYSDATE,'SYSTEM',SYSDATE);
INSERT INTO DEV.SHOP (SHOP_NO,SHOP_NM,ADDR,TEL,REG_ID,REG_DTS,MOD_ID,MOD_DTS) VALUES ( 'SH0027','수유점',NULL,NULL,'SYSTEM',SYSDATE,'SYSTEM',SYSDATE);
INSERT INTO DEV.SHOP (SHOP_NO,SHOP_NM,ADDR,TEL,REG_ID,REG_DTS,MOD_ID,MOD_DTS) VALUES ( 'SH0028','교대점',NULL,NULL,'SYSTEM',SYSDATE,'SYSTEM',SYSDATE);
INSERT INTO DEV.SHOP (SHOP_NO,SHOP_NM,ADDR,TEL,REG_ID,REG_DTS,MOD_ID,MOD_DTS) VALUES ( 'SH0029','남부터미널점',NULL,NULL,'SYSTEM',SYSDATE,'SYSTEM',SYSDATE);
INSERT INTO DEV.SHOP (SHOP_NO,SHOP_NM,ADDR,TEL,REG_ID,REG_DTS,MOD_ID,MOD_DTS) VALUES ( 'SH0030','명동점',NULL,NULL,'SYSTEM',SYSDATE,'SYSTEM',SYSDATE);
INSERT INTO DEV.SHOP (SHOP_NO,SHOP_NM,ADDR,TEL,REG_ID,REG_DTS,MOD_ID,MOD_DTS) VALUES ( 'SH0031','부평점',NULL,NULL,'SYSTEM',SYSDATE,'SYSTEM',SYSDATE);
INSERT INTO DEV.SHOP (SHOP_NO,SHOP_NM,ADDR,TEL,REG_ID,REG_DTS,MOD_ID,MOD_DTS) VALUES ( 'SH0032','광화문점',NULL,NULL,'SYSTEM',SYSDATE,'SYSTEM',SYSDATE);
INSERT INTO DEV.SHOP (SHOP_NO,SHOP_NM,ADDR,TEL,REG_ID,REG_DTS,MOD_ID,MOD_DTS) VALUES ( 'SH0033','충무로점',NULL,NULL,'SYSTEM',SYSDATE,'SYSTEM',SYSDATE);
INSERT INTO DEV.SHOP (SHOP_NO,SHOP_NM,ADDR,TEL,REG_ID,REG_DTS,MOD_ID,MOD_DTS) VALUES ( 'SH0034','송내점',NULL,NULL,'SYSTEM',SYSDATE,'SYSTEM',SYSDATE);
INSERT INTO DEV.SHOP (SHOP_NO,SHOP_NM,ADDR,TEL,REG_ID,REG_DTS,MOD_ID,MOD_DTS) VALUES ( 'SH0035','압구정점',NULL,NULL,'SYSTEM',SYSDATE,'SYSTEM',SYSDATE);
INSERT INTO DEV.SHOP (SHOP_NO,SHOP_NM,ADDR,TEL,REG_ID,REG_DTS,MOD_ID,MOD_DTS) VALUES ( 'SH0036','쌍문점',NULL,NULL,'SYSTEM',SYSDATE,'SYSTEM',SYSDATE);
INSERT INTO DEV.SHOP (SHOP_NO,SHOP_NM,ADDR,TEL,REG_ID,REG_DTS,MOD_ID,MOD_DTS) VALUES ( 'SH0037','역곡점',NULL,NULL,'SYSTEM',SYSDATE,'SYSTEM',SYSDATE);
INSERT INTO DEV.SHOP (SHOP_NO,SHOP_NM,ADDR,TEL,REG_ID,REG_DTS,MOD_ID,MOD_DTS) VALUES ( 'SH0038','합정점',NULL,NULL,'SYSTEM',SYSDATE,'SYSTEM',SYSDATE);
INSERT INTO DEV.SHOP (SHOP_NO,SHOP_NM,ADDR,TEL,REG_ID,REG_DTS,MOD_ID,MOD_DTS) VALUES ( 'SH0039','종로3가점',NULL,NULL,'SYSTEM',SYSDATE,'SYSTEM',SYSDATE);
INSERT INTO DEV.SHOP (SHOP_NO,SHOP_NM,ADDR,TEL,REG_ID,REG_DTS,MOD_ID,MOD_DTS) VALUES ( 'SH0040','신사점',NULL,NULL,'SYSTEM',SYSDATE,'SYSTEM',SYSDATE);
INSERT INTO DEV.SHOP (SHOP_NO,SHOP_NM,ADDR,TEL,REG_ID,REG_DTS,MOD_ID,MOD_DTS) VALUES ( 'SH0041','회현점',NULL,NULL,'SYSTEM',SYSDATE,'SYSTEM',SYSDATE);
INSERT INTO DEV.SHOP (SHOP_NO,SHOP_NM,ADDR,TEL,REG_ID,REG_DTS,MOD_ID,MOD_DTS) VALUES ( 'SH0042','낙성대점',NULL,NULL,'SYSTEM',SYSDATE,'SYSTEM',SYSDATE);
INSERT INTO DEV.SHOP (SHOP_NO,SHOP_NM,ADDR,TEL,REG_ID,REG_DTS,MOD_ID,MOD_DTS) VALUES ( 'SH0043','까치산점',NULL,NULL,'SYSTEM',SYSDATE,'SYSTEM',SYSDATE);
INSERT INTO DEV.SHOP (SHOP_NO,SHOP_NM,ADDR,TEL,REG_ID,REG_DTS,MOD_ID,MOD_DTS) VALUES ( 'SH0044','화곡점',NULL,NULL,'SYSTEM',SYSDATE,'SYSTEM',SYSDATE);
INSERT INTO DEV.SHOP (SHOP_NO,SHOP_NM,ADDR,TEL,REG_ID,REG_DTS,MOD_ID,MOD_DTS) VALUES ( 'SH0045','성수점',NULL,NULL,'SYSTEM',SYSDATE,'SYSTEM',SYSDATE);
INSERT INTO DEV.SHOP (SHOP_NO,SHOP_NM,ADDR,TEL,REG_ID,REG_DTS,MOD_ID,MOD_DTS) VALUES ( 'SH0046','회기점',NULL,NULL,'SYSTEM',SYSDATE,'SYSTEM',SYSDATE);
INSERT INTO DEV.SHOP (SHOP_NO,SHOP_NM,ADDR,TEL,REG_ID,REG_DTS,MOD_ID,MOD_DTS) VALUES ( 'SH0047','미아사거리점',NULL,NULL,'SYSTEM',SYSDATE,'SYSTEM',SYSDATE);
INSERT INTO DEV.SHOP (SHOP_NO,SHOP_NM,ADDR,TEL,REG_ID,REG_DTS,MOD_ID,MOD_DTS) VALUES ( 'SH0048','범계점',NULL,NULL,'SYSTEM',SYSDATE,'SYSTEM',SYSDATE);
INSERT INTO DEV.SHOP (SHOP_NO,SHOP_NM,ADDR,TEL,REG_ID,REG_DTS,MOD_ID,MOD_DTS) VALUES ( 'SH0049','신논현점',NULL,NULL,'SYSTEM',SYSDATE,'SYSTEM',SYSDATE);
INSERT INTO DEV.SHOP (SHOP_NO,SHOP_NM,ADDR,TEL,REG_ID,REG_DTS,MOD_ID,MOD_DTS) VALUES ( 'SH0050','야탑점',NULL,NULL,'SYSTEM',SYSDATE,'SYSTEM',SYSDATE);
INSERT INTO DEV.SHOP (SHOP_NO,SHOP_NM,ADDR,TEL,REG_ID,REG_DTS,MOD_ID,MOD_DTS) VALUES ( 'SH0051','창동점',NULL,NULL,'SYSTEM',SYSDATE,'SYSTEM',SYSDATE);
INSERT INTO DEV.SHOP (SHOP_NO,SHOP_NM,ADDR,TEL,REG_ID,REG_DTS,MOD_ID,MOD_DTS) VALUES ( 'SH0052','안양점',NULL,NULL,'SYSTEM',SYSDATE,'SYSTEM',SYSDATE);
INSERT INTO DEV.SHOP (SHOP_NO,SHOP_NM,ADDR,TEL,REG_ID,REG_DTS,MOD_ID,MOD_DTS) VALUES ( 'SH0053','신대방점',NULL,NULL,'SYSTEM',SYSDATE,'SYSTEM',SYSDATE);
INSERT INTO DEV.SHOP (SHOP_NO,SHOP_NM,ADDR,TEL,REG_ID,REG_DTS,MOD_ID,MOD_DTS) VALUES ( 'SH0054','서현점',NULL,NULL,'SYSTEM',SYSDATE,'SYSTEM',SYSDATE);
INSERT INTO DEV.SHOP (SHOP_NO,SHOP_NM,ADDR,TEL,REG_ID,REG_DTS,MOD_ID,MOD_DTS) VALUES ( 'SH0055','대림점',NULL,NULL,'SYSTEM',SYSDATE,'SYSTEM',SYSDATE);
INSERT INTO DEV.SHOP (SHOP_NO,SHOP_NM,ADDR,TEL,REG_ID,REG_DTS,MOD_ID,MOD_DTS) VALUES ( 'SH0056','금정점',NULL,NULL,'SYSTEM',SYSDATE,'SYSTEM',SYSDATE);
INSERT INTO DEV.SHOP (SHOP_NO,SHOP_NM,ADDR,TEL,REG_ID,REG_DTS,MOD_ID,MOD_DTS) VALUES ( 'SH0057','잠실새내점',NULL,NULL,'SYSTEM',SYSDATE,'SYSTEM',SYSDATE);
INSERT INTO DEV.SHOP (SHOP_NO,SHOP_NM,ADDR,TEL,REG_ID,REG_DTS,MOD_ID,MOD_DTS) VALUES ( 'SH0058','노량진점',NULL,NULL,'SYSTEM',SYSDATE,'SYSTEM',SYSDATE);
INSERT INTO DEV.SHOP (SHOP_NO,SHOP_NM,ADDR,TEL,REG_ID,REG_DTS,MOD_ID,MOD_DTS) VALUES ( 'SH0059','인덕원점',NULL,NULL,'SYSTEM',SYSDATE,'SYSTEM',SYSDATE);
INSERT INTO DEV.SHOP (SHOP_NO,SHOP_NM,ADDR,TEL,REG_ID,REG_DTS,MOD_ID,MOD_DTS) VALUES ( 'SH0060','안국점',NULL,NULL,'SYSTEM',SYSDATE,'SYSTEM',SYSDATE);
INSERT INTO DEV.SHOP (SHOP_NO,SHOP_NM,ADDR,TEL,REG_ID,REG_DTS,MOD_ID,MOD_DTS) VALUES ( 'SH0061','광명사거리점',NULL,NULL,'SYSTEM',SYSDATE,'SYSTEM',SYSDATE);
INSERT INTO DEV.SHOP (SHOP_NO,SHOP_NM,ADDR,TEL,REG_ID,REG_DTS,MOD_ID,MOD_DTS) VALUES ( 'SH0062','경복궁점',NULL,NULL,'SYSTEM',SYSDATE,'SYSTEM',SYSDATE);
INSERT INTO DEV.SHOP (SHOP_NO,SHOP_NM,ADDR,TEL,REG_ID,REG_DTS,MOD_ID,MOD_DTS) VALUES ( 'SH0063','시청점',NULL,NULL,'SYSTEM',SYSDATE,'SYSTEM',SYSDATE);
INSERT INTO DEV.SHOP (SHOP_NO,SHOP_NM,ADDR,TEL,REG_ID,REG_DTS,MOD_ID,MOD_DTS) VALUES ( 'SH0064','성신여대입구점',NULL,NULL,'SYSTEM',SYSDATE,'SYSTEM',SYSDATE);
INSERT INTO DEV.SHOP (SHOP_NO,SHOP_NM,ADDR,TEL,REG_ID,REG_DTS,MOD_ID,MOD_DTS) VALUES ( 'SH0065','동대문점',NULL,NULL,'SYSTEM',SYSDATE,'SYSTEM',SYSDATE);
INSERT INTO DEV.SHOP (SHOP_NO,SHOP_NM,ADDR,TEL,REG_ID,REG_DTS,MOD_ID,MOD_DTS) VALUES ( 'SH0066','청량리점',NULL,NULL,'SYSTEM',SYSDATE,'SYSTEM',SYSDATE);
INSERT INTO DEV.SHOP (SHOP_NO,SHOP_NM,ADDR,TEL,REG_ID,REG_DTS,MOD_ID,MOD_DTS) VALUES ( 'SH0067','주안점',NULL,NULL,'SYSTEM',SYSDATE,'SYSTEM',SYSDATE);
INSERT INTO DEV.SHOP (SHOP_NO,SHOP_NM,ADDR,TEL,REG_ID,REG_DTS,MOD_ID,MOD_DTS) VALUES ( 'SH0068','길음점',NULL,NULL,'SYSTEM',SYSDATE,'SYSTEM',SYSDATE);
INSERT INTO DEV.SHOP (SHOP_NO,SHOP_NM,ADDR,TEL,REG_ID,REG_DTS,MOD_ID,MOD_DTS) VALUES ( 'SH0069','종로5가점',NULL,NULL,'SYSTEM',SYSDATE,'SYSTEM',SYSDATE);
INSERT INTO DEV.SHOP (SHOP_NO,SHOP_NM,ADDR,TEL,REG_ID,REG_DTS,MOD_ID,MOD_DTS) VALUES ( 'SH0070','여의도점',NULL,NULL,'SYSTEM',SYSDATE,'SYSTEM',SYSDATE);
INSERT INTO DEV.SHOP (SHOP_NO,SHOP_NM,ADDR,TEL,REG_ID,REG_DTS,MOD_ID,MOD_DTS) VALUES ( 'SH0071','오목교점',NULL,NULL,'SYSTEM',SYSDATE,'SYSTEM',SYSDATE);
INSERT INTO DEV.SHOP (SHOP_NO,SHOP_NM,ADDR,TEL,REG_ID,REG_DTS,MOD_ID,MOD_DTS) VALUES ( 'SH0072','개봉점',NULL,NULL,'SYSTEM',SYSDATE,'SYSTEM',SYSDATE);
INSERT INTO DEV.SHOP (SHOP_NO,SHOP_NM,ADDR,TEL,REG_ID,REG_DTS,MOD_ID,MOD_DTS) VALUES ( 'SH0073','철산점',NULL,NULL,'SYSTEM',SYSDATE,'SYSTEM',SYSDATE);
INSERT INTO DEV.SHOP (SHOP_NO,SHOP_NM,ADDR,TEL,REG_ID,REG_DTS,MOD_ID,MOD_DTS) VALUES ( 'SH0074','구의점',NULL,NULL,'SYSTEM',SYSDATE,'SYSTEM',SYSDATE);
INSERT INTO DEV.SHOP (SHOP_NO,SHOP_NM,ADDR,TEL,REG_ID,REG_DTS,MOD_ID,MOD_DTS) VALUES ( 'SH0075','봉천점',NULL,NULL,'SYSTEM',SYSDATE,'SYSTEM',SYSDATE);
INSERT INTO DEV.SHOP (SHOP_NO,SHOP_NM,ADDR,TEL,REG_ID,REG_DTS,MOD_ID,MOD_DTS) VALUES ( 'SH0076','을지로3가점',NULL,NULL,'SYSTEM',SYSDATE,'SYSTEM',SYSDATE);
INSERT INTO DEV.SHOP (SHOP_NO,SHOP_NM,ADDR,TEL,REG_ID,REG_DTS,MOD_ID,MOD_DTS) VALUES ( 'SH0077','서초점',NULL,NULL,'SYSTEM',SYSDATE,'SYSTEM',SYSDATE);
INSERT INTO DEV.SHOP (SHOP_NO,SHOP_NM,ADDR,TEL,REG_ID,REG_DTS,MOD_ID,MOD_DTS) VALUES ( 'SH0078','당산점',NULL,NULL,'SYSTEM',SYSDATE,'SYSTEM',SYSDATE);
INSERT INTO DEV.SHOP (SHOP_NO,SHOP_NM,ADDR,TEL,REG_ID,REG_DTS,MOD_ID,MOD_DTS) VALUES ( 'SH0079','영등포구청점',NULL,NULL,'SYSTEM',SYSDATE,'SYSTEM',SYSDATE);
INSERT INTO DEV.SHOP (SHOP_NO,SHOP_NM,ADDR,TEL,REG_ID,REG_DTS,MOD_ID,MOD_DTS) VALUES ( 'SH0080','총신대입구점',NULL,NULL,'SYSTEM',SYSDATE,'SYSTEM',SYSDATE);
INSERT INTO DEV.SHOP (SHOP_NO,SHOP_NM,ADDR,TEL,REG_ID,REG_DTS,MOD_ID,MOD_DTS) VALUES ( 'SH0081','모란점',NULL,NULL,'SYSTEM',SYSDATE,'SYSTEM',SYSDATE);
INSERT INTO DEV.SHOP (SHOP_NO,SHOP_NM,ADDR,TEL,REG_ID,REG_DTS,MOD_ID,MOD_DTS) VALUES ( 'SH0082','학동점',NULL,NULL,'SYSTEM',SYSDATE,'SYSTEM',SYSDATE);
INSERT INTO DEV.SHOP (SHOP_NO,SHOP_NM,ADDR,TEL,REG_ID,REG_DTS,MOD_ID,MOD_DTS) VALUES ( 'SH0083','동대문역사문화공원점',NULL,NULL,'SYSTEM',SYSDATE,'SYSTEM',SYSDATE);
INSERT INTO DEV.SHOP (SHOP_NO,SHOP_NM,ADDR,TEL,REG_ID,REG_DTS,MOD_ID,MOD_DTS) VALUES ( 'SH0084','노원점',NULL,NULL,'SYSTEM',SYSDATE,'SYSTEM',SYSDATE);
INSERT INTO DEV.SHOP (SHOP_NO,SHOP_NM,ADDR,TEL,REG_ID,REG_DTS,MOD_ID,MOD_DTS) VALUES ( 'SH0085','방배점',NULL,NULL,'SYSTEM',SYSDATE,'SYSTEM',SYSDATE);
INSERT INTO DEV.SHOP (SHOP_NO,SHOP_NM,ADDR,TEL,REG_ID,REG_DTS,MOD_ID,MOD_DTS) VALUES ( 'SH0086','이대점',NULL,NULL,'SYSTEM',SYSDATE,'SYSTEM',SYSDATE);
INSERT INTO DEV.SHOP (SHOP_NO,SHOP_NM,ADDR,TEL,REG_ID,REG_DTS,MOD_ID,MOD_DTS) VALUES ( 'SH0087','상록수점',NULL,NULL,'SYSTEM',SYSDATE,'SYSTEM',SYSDATE);
INSERT INTO DEV.SHOP (SHOP_NO,SHOP_NM,ADDR,TEL,REG_ID,REG_DTS,MOD_ID,MOD_DTS) VALUES ( 'SH0088','상계점',NULL,NULL,'SYSTEM',SYSDATE,'SYSTEM',SYSDATE);
INSERT INTO DEV.SHOP (SHOP_NO,SHOP_NM,ADDR,TEL,REG_ID,REG_DTS,MOD_ID,MOD_DTS) VALUES ( 'SH0089','여의도점',NULL,NULL,'SYSTEM',SYSDATE,'SYSTEM',SYSDATE);
INSERT INTO DEV.SHOP (SHOP_NO,SHOP_NM,ADDR,TEL,REG_ID,REG_DTS,MOD_ID,MOD_DTS) VALUES ( 'SH0090','구로점',NULL,NULL,'SYSTEM',SYSDATE,'SYSTEM',SYSDATE);
INSERT INTO DEV.SHOP (SHOP_NO,SHOP_NM,ADDR,TEL,REG_ID,REG_DTS,MOD_ID,MOD_DTS) VALUES ( 'SH0091','가양점',NULL,NULL,'SYSTEM',SYSDATE,'SYSTEM',SYSDATE);
INSERT INTO DEV.SHOP (SHOP_NO,SHOP_NM,ADDR,TEL,REG_ID,REG_DTS,MOD_ID,MOD_DTS) VALUES ( 'SH0092','구파발점',NULL,NULL,'SYSTEM',SYSDATE,'SYSTEM',SYSDATE);
INSERT INTO DEV.SHOP (SHOP_NO,SHOP_NM,ADDR,TEL,REG_ID,REG_DTS,MOD_ID,MOD_DTS) VALUES ( 'SH0093','청담점',NULL,NULL,'SYSTEM',SYSDATE,'SYSTEM',SYSDATE);
INSERT INTO DEV.SHOP (SHOP_NO,SHOP_NM,ADDR,TEL,REG_ID,REG_DTS,MOD_ID,MOD_DTS) VALUES ( 'SH0094','논현점',NULL,NULL,'SYSTEM',SYSDATE,'SYSTEM',SYSDATE);
INSERT INTO DEV.SHOP (SHOP_NO,SHOP_NM,ADDR,TEL,REG_ID,REG_DTS,MOD_ID,MOD_DTS) VALUES ( 'SH0095','천호점',NULL,NULL,'SYSTEM',SYSDATE,'SYSTEM',SYSDATE);
INSERT INTO DEV.SHOP (SHOP_NO,SHOP_NM,ADDR,TEL,REG_ID,REG_DTS,MOD_ID,MOD_DTS) VALUES ( 'SH0096','강동점',NULL,NULL,'SYSTEM',SYSDATE,'SYSTEM',SYSDATE);
INSERT INTO DEV.SHOP (SHOP_NO,SHOP_NM,ADDR,TEL,REG_ID,REG_DTS,MOD_ID,MOD_DTS) VALUES ( 'SH0097','하계점',NULL,NULL,'SYSTEM',SYSDATE,'SYSTEM',SYSDATE);
INSERT INTO DEV.SHOP (SHOP_NO,SHOP_NM,ADDR,TEL,REG_ID,REG_DTS,MOD_ID,MOD_DTS) VALUES ( 'SH0098','왕십리점',NULL,NULL,'SYSTEM',SYSDATE,'SYSTEM',SYSDATE);
INSERT INTO DEV.SHOP (SHOP_NO,SHOP_NM,ADDR,TEL,REG_ID,REG_DTS,MOD_ID,MOD_DTS) VALUES ( 'SH0099','문래점',NULL,NULL,'SYSTEM',SYSDATE,'SYSTEM',SYSDATE);
INSERT INTO DEV.SHOP (SHOP_NO,SHOP_NM,ADDR,TEL,REG_ID,REG_DTS,MOD_ID,MOD_DTS) VALUES ( 'SH0100','홍제점',NULL,NULL,'SYSTEM',SYSDATE,'SYSTEM',SYSDATE);
INSERT INTO DEV.SHOP (SHOP_NO,SHOP_NM,ADDR,TEL,REG_ID,REG_DTS,MOD_ID,MOD_DTS) VALUES ( 'SH0101','의정부점',NULL,NULL,'SYSTEM',SYSDATE,'SYSTEM',SYSDATE);
INSERT INTO DEV.SHOP (SHOP_NO,SHOP_NM,ADDR,TEL,REG_ID,REG_DTS,MOD_ID,MOD_DTS) VALUES ( 'SH0102','서대문점',NULL,NULL,'SYSTEM',SYSDATE,'SYSTEM',SYSDATE);
INSERT INTO DEV.SHOP (SHOP_NO,SHOP_NM,ADDR,TEL,REG_ID,REG_DTS,MOD_ID,MOD_DTS) VALUES ( 'SH0103','수서점',NULL,NULL,'SYSTEM',SYSDATE,'SYSTEM',SYSDATE);
INSERT INTO DEV.SHOP (SHOP_NO,SHOP_NM,ADDR,TEL,REG_ID,REG_DTS,MOD_ID,MOD_DTS) VALUES ( 'SH0104','장한평점',NULL,NULL,'SYSTEM',SYSDATE,'SYSTEM',SYSDATE);
INSERT INTO DEV.SHOP (SHOP_NO,SHOP_NM,ADDR,TEL,REG_ID,REG_DTS,MOD_ID,MOD_DTS) VALUES ( 'SH0105','제기동점',NULL,NULL,'SYSTEM',SYSDATE,'SYSTEM',SYSDATE);
INSERT INTO DEV.SHOP (SHOP_NO,SHOP_NM,ADDR,TEL,REG_ID,REG_DTS,MOD_ID,MOD_DTS) VALUES ( 'SH0106','불광점',NULL,NULL,'SYSTEM',SYSDATE,'SYSTEM',SYSDATE);
INSERT INTO DEV.SHOP (SHOP_NO,SHOP_NM,ADDR,TEL,REG_ID,REG_DTS,MOD_ID,MOD_DTS) VALUES ( 'SH0107','화정점',NULL,NULL,'SYSTEM',SYSDATE,'SYSTEM',SYSDATE);
INSERT INTO DEV.SHOP (SHOP_NO,SHOP_NM,ADDR,TEL,REG_ID,REG_DTS,MOD_ID,MOD_DTS) VALUES ( 'SH0108','잠실나루점',NULL,NULL,'SYSTEM',SYSDATE,'SYSTEM',SYSDATE);
INSERT INTO DEV.SHOP (SHOP_NO,SHOP_NM,ADDR,TEL,REG_ID,REG_DTS,MOD_ID,MOD_DTS) VALUES ( 'SH0109','목동점',NULL,NULL,'SYSTEM',SYSDATE,'SYSTEM',SYSDATE);
INSERT INTO DEV.SHOP (SHOP_NO,SHOP_NM,ADDR,TEL,REG_ID,REG_DTS,MOD_ID,MOD_DTS) VALUES ( 'SH0110','장지점',NULL,NULL,'SYSTEM',SYSDATE,'SYSTEM',SYSDATE);
INSERT INTO DEV.SHOP (SHOP_NO,SHOP_NM,ADDR,TEL,REG_ID,REG_DTS,MOD_ID,MOD_DTS) VALUES ( 'SH0111','암사점',NULL,NULL,'SYSTEM',SYSDATE,'SYSTEM',SYSDATE);
INSERT INTO DEV.SHOP (SHOP_NO,SHOP_NM,ADDR,TEL,REG_ID,REG_DTS,MOD_ID,MOD_DTS) VALUES ( 'SH0112','동암점',NULL,NULL,'SYSTEM',SYSDATE,'SYSTEM',SYSDATE);
INSERT INTO DEV.SHOP (SHOP_NO,SHOP_NM,ADDR,TEL,REG_ID,REG_DTS,MOD_ID,MOD_DTS) VALUES ( 'SH0113','문정점',NULL,NULL,'SYSTEM',SYSDATE,'SYSTEM',SYSDATE);
INSERT INTO DEV.SHOP (SHOP_NO,SHOP_NM,ADDR,TEL,REG_ID,REG_DTS,MOD_ID,MOD_DTS) VALUES ( 'SH0114','산본점',NULL,NULL,'SYSTEM',SYSDATE,'SYSTEM',SYSDATE);
INSERT INTO DEV.SHOP (SHOP_NO,SHOP_NM,ADDR,TEL,REG_ID,REG_DTS,MOD_ID,MOD_DTS) VALUES ( 'SH0115','숭실대입구점',NULL,NULL,'SYSTEM',SYSDATE,'SYSTEM',SYSDATE);
INSERT INTO DEV.SHOP (SHOP_NO,SHOP_NM,ADDR,TEL,REG_ID,REG_DTS,MOD_ID,MOD_DTS) VALUES ( 'SH0116','한성대입구점',NULL,NULL,'SYSTEM',SYSDATE,'SYSTEM',SYSDATE);
INSERT INTO DEV.SHOP (SHOP_NO,SHOP_NM,ADDR,TEL,REG_ID,REG_DTS,MOD_ID,MOD_DTS) VALUES ( 'SH0117','응암점',NULL,NULL,'SYSTEM',SYSDATE,'SYSTEM',SYSDATE);
INSERT INTO DEV.SHOP (SHOP_NO,SHOP_NM,ADDR,TEL,REG_ID,REG_DTS,MOD_ID,MOD_DTS) VALUES ( 'SH0118','숙대입구점',NULL,NULL,'SYSTEM',SYSDATE,'SYSTEM',SYSDATE);
INSERT INTO DEV.SHOP (SHOP_NO,SHOP_NM,ADDR,TEL,REG_ID,REG_DTS,MOD_ID,MOD_DTS) VALUES ( 'SH0119','뚝섬점',NULL,NULL,'SYSTEM',SYSDATE,'SYSTEM',SYSDATE);
INSERT INTO DEV.SHOP (SHOP_NO,SHOP_NM,ADDR,TEL,REG_ID,REG_DTS,MOD_ID,MOD_DTS) VALUES ( 'SH0120','평촌점',NULL,NULL,'SYSTEM',SYSDATE,'SYSTEM',SYSDATE);
INSERT INTO DEV.SHOP (SHOP_NO,SHOP_NM,ADDR,TEL,REG_ID,REG_DTS,MOD_ID,MOD_DTS) VALUES ( 'SH0121','미아점',NULL,NULL,'SYSTEM',SYSDATE,'SYSTEM',SYSDATE);
INSERT INTO DEV.SHOP (SHOP_NO,SHOP_NM,ADDR,TEL,REG_ID,REG_DTS,MOD_ID,MOD_DTS) VALUES ( 'SH0122','동인천점',NULL,NULL,'SYSTEM',SYSDATE,'SYSTEM',SYSDATE);
INSERT INTO DEV.SHOP (SHOP_NO,SHOP_NM,ADDR,TEL,REG_ID,REG_DTS,MOD_ID,MOD_DTS) VALUES ( 'SH0123','발산점',NULL,NULL,'SYSTEM',SYSDATE,'SYSTEM',SYSDATE);
INSERT INTO DEV.SHOP (SHOP_NO,SHOP_NM,ADDR,TEL,REG_ID,REG_DTS,MOD_ID,MOD_DTS) VALUES ( 'SH0124','국회의사당점',NULL,NULL,'SYSTEM',SYSDATE,'SYSTEM',SYSDATE);
INSERT INTO DEV.SHOP (SHOP_NO,SHOP_NM,ADDR,TEL,REG_ID,REG_DTS,MOD_ID,MOD_DTS) VALUES ( 'SH0125','성균관대점',NULL,NULL,'SYSTEM',SYSDATE,'SYSTEM',SYSDATE);
INSERT INTO DEV.SHOP (SHOP_NO,SHOP_NM,ADDR,TEL,REG_ID,REG_DTS,MOD_ID,MOD_DTS) VALUES ( 'SH0126','병점점',NULL,NULL,'SYSTEM',SYSDATE,'SYSTEM',SYSDATE);
INSERT INTO DEV.SHOP (SHOP_NO,SHOP_NM,ADDR,TEL,REG_ID,REG_DTS,MOD_ID,MOD_DTS) VALUES ( 'SH0127','중앙점',NULL,NULL,'SYSTEM',SYSDATE,'SYSTEM',SYSDATE);
INSERT INTO DEV.SHOP (SHOP_NO,SHOP_NM,ADDR,TEL,REG_ID,REG_DTS,MOD_ID,MOD_DTS) VALUES ( 'SH0128','구일점',NULL,NULL,'SYSTEM',SYSDATE,'SYSTEM',SYSDATE);
INSERT INTO DEV.SHOP (SHOP_NO,SHOP_NM,ADDR,TEL,REG_ID,REG_DTS,MOD_ID,MOD_DTS) VALUES ( 'SH0129','면목점',NULL,NULL,'SYSTEM',SYSDATE,'SYSTEM',SYSDATE);
INSERT INTO DEV.SHOP (SHOP_NO,SHOP_NM,ADDR,TEL,REG_ID,REG_DTS,MOD_ID,MOD_DTS) VALUES ( 'SH0130','미금점',NULL,NULL,'SYSTEM',SYSDATE,'SYSTEM',SYSDATE);
INSERT INTO DEV.SHOP (SHOP_NO,SHOP_NM,ADDR,TEL,REG_ID,REG_DTS,MOD_ID,MOD_DTS) VALUES ( 'SH0131','상봉점',NULL,NULL,'SYSTEM',SYSDATE,'SYSTEM',SYSDATE);
INSERT INTO DEV.SHOP (SHOP_NO,SHOP_NM,ADDR,TEL,REG_ID,REG_DTS,MOD_ID,MOD_DTS) VALUES ( 'SH0132','어린이대공원점',NULL,NULL,'SYSTEM',SYSDATE,'SYSTEM',SYSDATE);
INSERT INTO DEV.SHOP (SHOP_NO,SHOP_NM,ADDR,TEL,REG_ID,REG_DTS,MOD_ID,MOD_DTS) VALUES ( 'SH0133','이수점',NULL,NULL,'SYSTEM',SYSDATE,'SYSTEM',SYSDATE);
INSERT INTO DEV.SHOP (SHOP_NO,SHOP_NM,ADDR,TEL,REG_ID,REG_DTS,MOD_ID,MOD_DTS) VALUES ( 'SH0134','정자점',NULL,NULL,'SYSTEM',SYSDATE,'SYSTEM',SYSDATE);
INSERT INTO DEV.SHOP (SHOP_NO,SHOP_NM,ADDR,TEL,REG_ID,REG_DTS,MOD_ID,MOD_DTS) VALUES ( 'SH0135','신대방삼거리점',NULL,NULL,'SYSTEM',SYSDATE,'SYSTEM',SYSDATE);
INSERT INTO DEV.SHOP (SHOP_NO,SHOP_NM,ADDR,TEL,REG_ID,REG_DTS,MOD_ID,MOD_DTS) VALUES ( 'SH0136','독산점',NULL,NULL,'SYSTEM',SYSDATE,'SYSTEM',SYSDATE);
INSERT INTO DEV.SHOP (SHOP_NO,SHOP_NM,ADDR,TEL,REG_ID,REG_DTS,MOD_ID,MOD_DTS) VALUES ( 'SH0137','죽전점',NULL,NULL,'SYSTEM',SYSDATE,'SYSTEM',SYSDATE);
INSERT INTO DEV.SHOP (SHOP_NO,SHOP_NM,ADDR,TEL,REG_ID,REG_DTS,MOD_ID,MOD_DTS) VALUES ( 'SH0138','염창점',NULL,NULL,'SYSTEM',SYSDATE,'SYSTEM',SYSDATE);
INSERT INTO DEV.SHOP (SHOP_NO,SHOP_NM,ADDR,TEL,REG_ID,REG_DTS,MOD_ID,MOD_DTS) VALUES ( 'SH0139','우장산점',NULL,NULL,'SYSTEM',SYSDATE,'SYSTEM',SYSDATE);
INSERT INTO DEV.SHOP (SHOP_NO,SHOP_NM,ADDR,TEL,REG_ID,REG_DTS,MOD_ID,MOD_DTS) VALUES ( 'SH0140','답십리점',NULL,NULL,'SYSTEM',SYSDATE,'SYSTEM',SYSDATE);
INSERT INTO DEV.SHOP (SHOP_NO,SHOP_NM,ADDR,TEL,REG_ID,REG_DTS,MOD_ID,MOD_DTS) VALUES ( 'SH0141','남구로점',NULL,NULL,'SYSTEM',SYSDATE,'SYSTEM',SYSDATE);
INSERT INTO DEV.SHOP (SHOP_NO,SHOP_NM,ADDR,TEL,REG_ID,REG_DTS,MOD_ID,MOD_DTS) VALUES ( 'SH0142','신설동점',NULL,NULL,'SYSTEM',SYSDATE,'SYSTEM',SYSDATE);
INSERT INTO DEV.SHOP (SHOP_NO,SHOP_NM,ADDR,TEL,REG_ID,REG_DTS,MOD_ID,MOD_DTS) VALUES ( 'SH0143','신용산점',NULL,NULL,'SYSTEM',SYSDATE,'SYSTEM',SYSDATE);
INSERT INTO DEV.SHOP (SHOP_NO,SHOP_NM,ADDR,TEL,REG_ID,REG_DTS,MOD_ID,MOD_DTS) VALUES ( 'SH0144','이태원점',NULL,NULL,'SYSTEM',SYSDATE,'SYSTEM',SYSDATE);
INSERT INTO DEV.SHOP (SHOP_NO,SHOP_NM,ADDR,TEL,REG_ID,REG_DTS,MOD_ID,MOD_DTS) VALUES ( 'SH0145','사가정점',NULL,NULL,'SYSTEM',SYSDATE,'SYSTEM',SYSDATE);
INSERT INTO DEV.SHOP (SHOP_NO,SHOP_NM,ADDR,TEL,REG_ID,REG_DTS,MOD_ID,MOD_DTS) VALUES ( 'SH0146','중계점',NULL,NULL,'SYSTEM',SYSDATE,'SYSTEM',SYSDATE);
INSERT INTO DEV.SHOP (SHOP_NO,SHOP_NM,ADDR,TEL,REG_ID,REG_DTS,MOD_ID,MOD_DTS) VALUES ( 'SH0147','삼송점',NULL,NULL,'SYSTEM',SYSDATE,'SYSTEM',SYSDATE);
INSERT INTO DEV.SHOP (SHOP_NO,SHOP_NM,ADDR,TEL,REG_ID,REG_DTS,MOD_ID,MOD_DTS) VALUES ( 'SH0148','대방점',NULL,NULL,'SYSTEM',SYSDATE,'SYSTEM',SYSDATE);
INSERT INTO DEV.SHOP (SHOP_NO,SHOP_NM,ADDR,TEL,REG_ID,REG_DTS,MOD_ID,MOD_DTS) VALUES ( 'SH0149','남한산성입구점',NULL,NULL,'SYSTEM',SYSDATE,'SYSTEM',SYSDATE);
INSERT INTO DEV.SHOP (SHOP_NO,SHOP_NM,ADDR,TEL,REG_ID,REG_DTS,MOD_ID,MOD_DTS) VALUES ( 'SH0150','압구정로데오점',NULL,NULL,'SYSTEM',SYSDATE,'SYSTEM',SYSDATE);
INSERT INTO DEV.SHOP (SHOP_NO,SHOP_NM,ADDR,TEL,REG_ID,REG_DTS,MOD_ID,MOD_DTS) VALUES ( 'SH0151','안산점',NULL,NULL,'SYSTEM',SYSDATE,'SYSTEM',SYSDATE);
INSERT INTO DEV.SHOP (SHOP_NO,SHOP_NM,ADDR,TEL,REG_ID,REG_DTS,MOD_ID,MOD_DTS) VALUES ( 'SH0152','신당점',NULL,NULL,'SYSTEM',SYSDATE,'SYSTEM',SYSDATE);
INSERT INTO DEV.SHOP (SHOP_NO,SHOP_NM,ADDR,TEL,REG_ID,REG_DTS,MOD_ID,MOD_DTS) VALUES ( 'SH0153','아차산점',NULL,NULL,'SYSTEM',SYSDATE,'SYSTEM',SYSDATE);
INSERT INTO DEV.SHOP (SHOP_NO,SHOP_NM,ADDR,TEL,REG_ID,REG_DTS,MOD_ID,MOD_DTS) VALUES ( 'SH0154','신정점',NULL,NULL,'SYSTEM',SYSDATE,'SYSTEM',SYSDATE);
INSERT INTO DEV.SHOP (SHOP_NO,SHOP_NM,ADDR,TEL,REG_ID,REG_DTS,MOD_ID,MOD_DTS) VALUES ( 'SH0155','신중동점',NULL,NULL,'SYSTEM',SYSDATE,'SYSTEM',SYSDATE);
INSERT INTO DEV.SHOP (SHOP_NO,SHOP_NM,ADDR,TEL,REG_ID,REG_DTS,MOD_ID,MOD_DTS) VALUES ( 'SH0156','강남구청점',NULL,NULL,'SYSTEM',SYSDATE,'SYSTEM',SYSDATE);
INSERT INTO DEV.SHOP (SHOP_NO,SHOP_NM,ADDR,TEL,REG_ID,REG_DTS,MOD_ID,MOD_DTS) VALUES ( 'SH0157','대화점',NULL,NULL,'SYSTEM',SYSDATE,'SYSTEM',SYSDATE);
INSERT INTO DEV.SHOP (SHOP_NO,SHOP_NM,ADDR,TEL,REG_ID,REG_DTS,MOD_ID,MOD_DTS) VALUES ( 'SH0158','안암점',NULL,NULL,'SYSTEM',SYSDATE,'SYSTEM',SYSDATE);
INSERT INTO DEV.SHOP (SHOP_NO,SHOP_NM,ADDR,TEL,REG_ID,REG_DTS,MOD_ID,MOD_DTS) VALUES ( 'SH0159','평택점',NULL,NULL,'SYSTEM',SYSDATE,'SYSTEM',SYSDATE);
INSERT INTO DEV.SHOP (SHOP_NO,SHOP_NM,ADDR,TEL,REG_ID,REG_DTS,MOD_ID,MOD_DTS) VALUES ( 'SH0160','종합운동장점',NULL,NULL,'SYSTEM',SYSDATE,'SYSTEM',SYSDATE);
INSERT INTO DEV.SHOP (SHOP_NO,SHOP_NM,ADDR,TEL,REG_ID,REG_DTS,MOD_ID,MOD_DTS) VALUES ( 'SH0161','약수점',NULL,NULL,'SYSTEM',SYSDATE,'SYSTEM',SYSDATE);
INSERT INTO DEV.SHOP (SHOP_NO,SHOP_NM,ADDR,TEL,REG_ID,REG_DTS,MOD_ID,MOD_DTS) VALUES ( 'SH0162','광나루점',NULL,NULL,'SYSTEM',SYSDATE,'SYSTEM',SYSDATE);
INSERT INTO DEV.SHOP (SHOP_NO,SHOP_NM,ADDR,TEL,REG_ID,REG_DTS,MOD_ID,MOD_DTS) VALUES ( 'SH0163','상왕십리점',NULL,NULL,'SYSTEM',SYSDATE,'SYSTEM',SYSDATE);
INSERT INTO DEV.SHOP (SHOP_NO,SHOP_NM,ADDR,TEL,REG_ID,REG_DTS,MOD_ID,MOD_DTS) VALUES ( 'SH0164','망포점',NULL,NULL,'SYSTEM',SYSDATE,'SYSTEM',SYSDATE);
INSERT INTO DEV.SHOP (SHOP_NO,SHOP_NM,ADDR,TEL,REG_ID,REG_DTS,MOD_ID,MOD_DTS) VALUES ( 'SH0165','여의나루점',NULL,NULL,'SYSTEM',SYSDATE,'SYSTEM',SYSDATE);
INSERT INTO DEV.SHOP (SHOP_NO,SHOP_NM,ADDR,TEL,REG_ID,REG_DTS,MOD_ID,MOD_DTS) VALUES ( 'SH0166','내방점',NULL,NULL,'SYSTEM',SYSDATE,'SYSTEM',SYSDATE);
INSERT INTO DEV.SHOP (SHOP_NO,SHOP_NM,ADDR,TEL,REG_ID,REG_DTS,MOD_ID,MOD_DTS) VALUES ( 'SH0167','봉은사점',NULL,NULL,'SYSTEM',SYSDATE,'SYSTEM',SYSDATE);
INSERT INTO DEV.SHOP (SHOP_NO,SHOP_NM,ADDR,TEL,REG_ID,REG_DTS,MOD_ID,MOD_DTS) VALUES ( 'SH0168','군자점',NULL,NULL,'SYSTEM',SYSDATE,'SYSTEM',SYSDATE);
INSERT INTO DEV.SHOP (SHOP_NO,SHOP_NM,ADDR,TEL,REG_ID,REG_DTS,MOD_ID,MOD_DTS) VALUES ( 'SH0169','공덕점',NULL,NULL,'SYSTEM',SYSDATE,'SYSTEM',SYSDATE);
INSERT INTO DEV.SHOP (SHOP_NO,SHOP_NM,ADDR,TEL,REG_ID,REG_DTS,MOD_ID,MOD_DTS) VALUES ( 'SH0170','한티점',NULL,NULL,'SYSTEM',SYSDATE,'SYSTEM',SYSDATE);
INSERT INTO DEV.SHOP (SHOP_NO,SHOP_NM,ADDR,TEL,REG_ID,REG_DTS,MOD_ID,MOD_DTS) VALUES ( 'SH0171','새절점',NULL,NULL,'SYSTEM',SYSDATE,'SYSTEM',SYSDATE);
INSERT INTO DEV.SHOP (SHOP_NO,SHOP_NM,ADDR,TEL,REG_ID,REG_DTS,MOD_ID,MOD_DTS) VALUES ( 'SH0172','마포구청점',NULL,NULL,'SYSTEM',SYSDATE,'SYSTEM',SYSDATE);
INSERT INTO DEV.SHOP (SHOP_NO,SHOP_NM,ADDR,TEL,REG_ID,REG_DTS,MOD_ID,MOD_DTS) VALUES ( 'SH0173','마포점',NULL,NULL,'SYSTEM',SYSDATE,'SYSTEM',SYSDATE);
INSERT INTO DEV.SHOP (SHOP_NO,SHOP_NM,ADDR,TEL,REG_ID,REG_DTS,MOD_ID,MOD_DTS) VALUES ( 'SH0174','수내점',NULL,NULL,'SYSTEM',SYSDATE,'SYSTEM',SYSDATE);
INSERT INTO DEV.SHOP (SHOP_NO,SHOP_NM,ADDR,TEL,REG_ID,REG_DTS,MOD_ID,MOD_DTS) VALUES ( 'SH0175','태평점',NULL,NULL,'SYSTEM',SYSDATE,'SYSTEM',SYSDATE);
INSERT INTO DEV.SHOP (SHOP_NO,SHOP_NM,ADDR,TEL,REG_ID,REG_DTS,MOD_ID,MOD_DTS) VALUES ( 'SH0176','상동점',NULL,NULL,'SYSTEM',SYSDATE,'SYSTEM',SYSDATE);
INSERT INTO DEV.SHOP (SHOP_NO,SHOP_NM,ADDR,TEL,REG_ID,REG_DTS,MOD_ID,MOD_DTS) VALUES ( 'SH0177','디지털미디어시티점',NULL,NULL,'SYSTEM',SYSDATE,'SYSTEM',SYSDATE);
INSERT INTO DEV.SHOP (SHOP_NO,SHOP_NM,ADDR,TEL,REG_ID,REG_DTS,MOD_ID,MOD_DTS) VALUES ( 'SH0178','화랑대점',NULL,NULL,'SYSTEM',SYSDATE,'SYSTEM',SYSDATE);
INSERT INTO DEV.SHOP (SHOP_NO,SHOP_NM,ADDR,TEL,REG_ID,REG_DTS,MOD_ID,MOD_DTS) VALUES ( 'SH0179','소사점',NULL,NULL,'SYSTEM',SYSDATE,'SYSTEM',SYSDATE);
INSERT INTO DEV.SHOP (SHOP_NO,SHOP_NM,ADDR,TEL,REG_ID,REG_DTS,MOD_ID,MOD_DTS) VALUES ( 'SH0180','인천공항1터미널점',NULL,NULL,'SYSTEM',SYSDATE,'SYSTEM',SYSDATE);
INSERT INTO DEV.SHOP (SHOP_NO,SHOP_NM,ADDR,TEL,REG_ID,REG_DTS,MOD_ID,MOD_DTS) VALUES ( 'SH0181','공릉점',NULL,NULL,'SYSTEM',SYSDATE,'SYSTEM',SYSDATE);
INSERT INTO DEV.SHOP (SHOP_NO,SHOP_NM,ADDR,TEL,REG_ID,REG_DTS,MOD_ID,MOD_DTS) VALUES ( 'SH0182','구리점',NULL,NULL,'SYSTEM',SYSDATE,'SYSTEM',SYSDATE);
INSERT INTO DEV.SHOP (SHOP_NO,SHOP_NM,ADDR,TEL,REG_ID,REG_DTS,MOD_ID,MOD_DTS) VALUES ( 'SH0183','망원점',NULL,NULL,'SYSTEM',SYSDATE,'SYSTEM',SYSDATE);
INSERT INTO DEV.SHOP (SHOP_NO,SHOP_NM,ADDR,TEL,REG_ID,REG_DTS,MOD_ID,MOD_DTS) VALUES ( 'SH0184','녹번점',NULL,NULL,'SYSTEM',SYSDATE,'SYSTEM',SYSDATE);
INSERT INTO DEV.SHOP (SHOP_NO,SHOP_NM,ADDR,TEL,REG_ID,REG_DTS,MOD_ID,MOD_DTS) VALUES ( 'SH0185','월곡점',NULL,NULL,'SYSTEM',SYSDATE,'SYSTEM',SYSDATE);
INSERT INTO DEV.SHOP (SHOP_NO,SHOP_NM,ADDR,TEL,REG_ID,REG_DTS,MOD_ID,MOD_DTS) VALUES ( 'SH0186','석계점',NULL,NULL,'SYSTEM',SYSDATE,'SYSTEM',SYSDATE);
INSERT INTO DEV.SHOP (SHOP_NO,SHOP_NM,ADDR,TEL,REG_ID,REG_DTS,MOD_ID,MOD_DTS) VALUES ( 'SH0187','수락산점',NULL,NULL,'SYSTEM',SYSDATE,'SYSTEM',SYSDATE);
INSERT INTO DEV.SHOP (SHOP_NO,SHOP_NM,ADDR,TEL,REG_ID,REG_DTS,MOD_ID,MOD_DTS) VALUES ( 'SH0188','오리점',NULL,NULL,'SYSTEM',SYSDATE,'SYSTEM',SYSDATE);
INSERT INTO DEV.SHOP (SHOP_NO,SHOP_NM,ADDR,TEL,REG_ID,REG_DTS,MOD_ID,MOD_DTS) VALUES ( 'SH0189','한양대점',NULL,NULL,'SYSTEM',SYSDATE,'SYSTEM',SYSDATE);
INSERT INTO DEV.SHOP (SHOP_NO,SHOP_NM,ADDR,TEL,REG_ID,REG_DTS,MOD_ID,MOD_DTS) VALUES ( 'SH0190','외대앞점',NULL,NULL,'SYSTEM',SYSDATE,'SYSTEM',SYSDATE);
INSERT INTO DEV.SHOP (SHOP_NO,SHOP_NM,ADDR,TEL,REG_ID,REG_DTS,MOD_ID,MOD_DTS) VALUES ( 'SH0191','상일동점',NULL,NULL,'SYSTEM',SYSDATE,'SYSTEM',SYSDATE);
INSERT INTO DEV.SHOP (SHOP_NO,SHOP_NM,ADDR,TEL,REG_ID,REG_DTS,MOD_ID,MOD_DTS) VALUES ( 'SH0192','을지로4가점',NULL,NULL,'SYSTEM',SYSDATE,'SYSTEM',SYSDATE);
INSERT INTO DEV.SHOP (SHOP_NO,SHOP_NM,ADDR,TEL,REG_ID,REG_DTS,MOD_ID,MOD_DTS) VALUES ( 'SH0193','부천시청점',NULL,NULL,'SYSTEM',SYSDATE,'SYSTEM',SYSDATE);
INSERT INTO DEV.SHOP (SHOP_NO,SHOP_NM,ADDR,TEL,REG_ID,REG_DTS,MOD_ID,MOD_DTS) VALUES ( 'SH0194','복정점',NULL,NULL,'SYSTEM',SYSDATE,'SYSTEM',SYSDATE);
INSERT INTO DEV.SHOP (SHOP_NO,SHOP_NM,ADDR,TEL,REG_ID,REG_DTS,MOD_ID,MOD_DTS) VALUES ( 'SH0195','회룡점',NULL,NULL,'SYSTEM',SYSDATE,'SYSTEM',SYSDATE);
INSERT INTO DEV.SHOP (SHOP_NO,SHOP_NM,ADDR,TEL,REG_ID,REG_DTS,MOD_ID,MOD_DTS) VALUES ( 'SH0196','당고개점',NULL,NULL,'SYSTEM',SYSDATE,'SYSTEM',SYSDATE);
INSERT INTO DEV.SHOP (SHOP_NO,SHOP_NM,ADDR,TEL,REG_ID,REG_DTS,MOD_ID,MOD_DTS) VALUES ( 'SH0197','마들점',NULL,NULL,'SYSTEM',SYSDATE,'SYSTEM',SYSDATE);
INSERT INTO DEV.SHOP (SHOP_NO,SHOP_NM,ADDR,TEL,REG_ID,REG_DTS,MOD_ID,MOD_DTS) VALUES ( 'SH0198','남성점',NULL,NULL,'SYSTEM',SYSDATE,'SYSTEM',SYSDATE);
INSERT INTO DEV.SHOP (SHOP_NO,SHOP_NM,ADDR,TEL,REG_ID,REG_DTS,MOD_ID,MOD_DTS) VALUES ( 'SH0199','동대입구점',NULL,NULL,'SYSTEM',SYSDATE,'SYSTEM',SYSDATE);
INSERT INTO DEV.SHOP (SHOP_NO,SHOP_NM,ADDR,TEL,REG_ID,REG_DTS,MOD_ID,MOD_DTS) VALUES ( 'SH0200','부평구청점',NULL,NULL,'SYSTEM',SYSDATE,'SYSTEM',SYSDATE);

INSERT INTO DEV.COM_CD (UNI_CD,UNI_CD_NM,CL_UNI_CD,SEQ,CD_DESC,REG_ID,REG_DTS,MOD_ID,MOD_DTS) VALUES ( '100','상품유형코드','M',NULL,NULL,'SYSTEM',SYSDATE,'SYSTEM',SYSDATE);
INSERT INTO DEV.COM_CD (UNI_CD,UNI_CD_NM,CL_UNI_CD,SEQ,CD_DESC,REG_ID,REG_DTS,MOD_ID,MOD_DTS) VALUES ( '100100','버거','100',NULL,NULL,'SYSTEM',SYSDATE,'SYSTEM',SYSDATE);
INSERT INTO DEV.COM_CD (UNI_CD,UNI_CD_NM,CL_UNI_CD,SEQ,CD_DESC,REG_ID,REG_DTS,MOD_ID,MOD_DTS) VALUES ( '100101','세트','100',NULL,NULL,'SYSTEM',SYSDATE,'SYSTEM',SYSDATE);
INSERT INTO DEV.COM_CD (UNI_CD,UNI_CD_NM,CL_UNI_CD,SEQ,CD_DESC,REG_ID,REG_DTS,MOD_ID,MOD_DTS) VALUES ( '100102','치킨','100',NULL,NULL,'SYSTEM',SYSDATE,'SYSTEM',SYSDATE);
INSERT INTO DEV.COM_CD (UNI_CD,UNI_CD_NM,CL_UNI_CD,SEQ,CD_DESC,REG_ID,REG_DTS,MOD_ID,MOD_DTS) VALUES ( '100103','디저트','100',NULL,NULL,'SYSTEM',SYSDATE,'SYSTEM',SYSDATE);
INSERT INTO DEV.COM_CD (UNI_CD,UNI_CD_NM,CL_UNI_CD,SEQ,CD_DESC,REG_ID,REG_DTS,MOD_ID,MOD_DTS) VALUES ( '100104','아이스크림','100',NULL,NULL,'SYSTEM',SYSDATE,'SYSTEM',SYSDATE);
INSERT INTO DEV.COM_CD (UNI_CD,UNI_CD_NM,CL_UNI_CD,SEQ,CD_DESC,REG_ID,REG_DTS,MOD_ID,MOD_DTS) VALUES ( '100105','음료','100',NULL,NULL,'SYSTEM',SYSDATE,'SYSTEM',SYSDATE);

COMMIT;

